c_name,c_batch_no,d_expiry_date,n_balance_qty,c_packaging,c_unique_code,c_schemes,n_mrp,c_manufacturer,hsn_code
ACUVIN TAB 15'S,SNF0020,1/3/2022,21,15'S,27108,,188.16,ABBOTT HEALTH CARE-PAIN MANAGEMENT,30049069
ACUVIN TAB 15'S,SNF0041,1/7/2022,20,15'S,15'S,,188.16,ABBOTT HEALTH CARE-PAIN MANAGEMENT,30049069
DURAJOINT CAPS,DJA0001,1/5/2022,72,10'S,54070,,110,ABBOTT HEALTH CARE-PAIN MANAGEMENT,30049069
DURAJOINT GM TAB,TPF0024,1/6/2021,32,10'S,54077,,270,ABBOTT HEALTH CARE-PAIN MANAGEMENT,30049069
DURAJOINT GM TAB,TPF0111,1/8/2021,88,10'S,54077,,270,ABBOTT HEALTH CARE-PAIN MANAGEMENT,30049069
DURAJOINT GM TAB,TPF0112,1/8/2021,20,10'S,54077,,270,ABBOTT HEALTH CARE-PAIN MANAGEMENT,30049069
PREGAMET SR TAB,PCF0404,1/6/2022,10,10`S,661009,,197.23,ABBOTT HEALTH CARE-PAIN MANAGEMENT,30049099
BIOSUGANRIL 10 MG,BSB0003.,1/7/2022,38,10'S,661012,,197.23,ABBOTT HEALTH CARE-PAIN MANAGEMENT,30049069
CONTRAMAL 100MG INJ,UBLE9021,1/11/2022,7,5*2ML,661022,9+1,114.7,ABBOTT HEALTH CARE-PAIN MANAGEMENT,30049099
CONTRAMAL 100MG INJ,UBLE0001,1/12/2022,55,5*2ML,661022,9+1,114.7,ABBOTT HEALTH CARE-PAIN MANAGEMENT,30049099
DURAJOINT PLUS CAPS,WNF0219,1/2/2022,20,10`S,661032,,360,ABBOTT HEALTH CARE-PAIN MANAGEMENT,21069099
ESGIPYRIN-A TAB,PCF0041,1/12/2021,22,15'S,661038,9+1,74.25,ABBOTT HEALTH CARE-PAIN MANAGEMENT,30049069
ETODY 60MG TAB,MDF 0065,1/6/2022,41,10'S,661042,,113.74,ABBOTT HEALTH CARE-PAIN MANAGEMENT,30049099
ETODY 90MG TAB,MDF 0067,1/6/2022,16,10'S,661043,,178.47,ABBOTT HEALTH CARE-PAIN MANAGEMENT,30049099
ETODY 90MG TAB,MDF 0069,1/6/2022,49,10'S,661043,,178.47,ABBOTT HEALTH CARE-PAIN MANAGEMENT,30049099
ETODY 90MG TAB,MDF 0111,1/8/2022,31,10'S,661043,,178.47,ABBOTT HEALTH CARE-PAIN MANAGEMENT,30049099
ETODY 120MG TAB,MDF 0030,1/2/2022,52,10'S,661044,,208.73,ABBOTT HEALTH CARE-PAIN MANAGEMENT,30049099
ESGIPYRIN TAB 15'S,EGA0046,1/8/2022,284,15'S,661051,10+1,96.8,ABBOTT HEALTH CARE-PAIN MANAGEMENT,30049066
PREGAMET 75 MG CAPS,AYF0084,1/2/2022,21,10'S,661126,,168.3,ABBOTT HEALTH CARE-PAIN MANAGEMENT,30049099
SUGANRIL TAB 15'S,SUA0002,1/10/2021,14,15'S,661176,10+1,166.98,ABBOTT HEALTH CARE-PAIN MANAGEMENT,30049069
SUGANRIL TAB 15'S,SUA0003,1/2/2022,24,15'S,661176,10+1,166.98,ABBOTT HEALTH CARE-PAIN MANAGEMENT,30049069
ESGIPYRIN SP 325 MG TAB,ICF0047,1/2/2022,10,10'S,661222,,129.47,ABBOTT HEALTH CARE-PAIN MANAGEMENT,30049069
ESGIPYRIN SP 325 MG TAB,ICF0092,1/4/2022,9,10'S,661222,,129.47,ABBOTT HEALTH CARE-PAIN MANAGEMENT,30049069
ESGIPYRIN INSTAGEL 50GM,MPF0025,1/1/2022,13,50GM,661238,9+1,169.5,ABBOTT HEALTH CARE-PAIN MANAGEMENT,30049069
ESGIPYRIN INSTAGEL 50GM,MPF0017,1/1/2022,20,50GM,661238,9+1,169.5,ABBOTT HEALTH CARE-PAIN MANAGEMENT,30049069
RAPISONE SR CAP,IAF0009,1/2/2022,81,5'S,661269,,154.55,ABBOTT HEALTH CARE-PAIN MANAGEMENT,30049039
RAPISONE D SR TAB,IAE0021,1/4/2022,4,5'S,661289,,174.35,ABBOTT HEALTH CARE-PAIN MANAGEMENT,30049039
RAPISONE D SR TAB,IAF0021,1/4/2022,10,5'S,661289,,174.35,ABBOTT HEALTH CARE-PAIN MANAGEMENT,30049039
TELPRES CT 40/6.25MG TAB 15'S,PCF0361,1/6/2022,36,15'S,54016,,78.76,ABBOTT HEALTH CARE-CARDIAC,30049039
STATOR CV 10MG TAB,WNF0166,1/5/2022,39,15'S,54035,,136.9,ABBOTT HEALTH CARE-CARDIAC,30049071
ISMO RETARD 40MG TABS,PCE0436,1/6/2021,12,7'S,55084,,96.1,ABBOTT HEALTH CARE-CARDIAC,30049079
ISMO RETARD 40MG TABS,PCF0286,1/4/2022,17,7'S,55084,,96.1,ABBOTT HEALTH CARE-CARDIAC,30049079
GLIMER 2 MG TAB 15'S,SSF0075,1/7/2022,38,15'S,55086,,95.33,ABBOTT HEALTH CARE-CARDIAC,30043190
NUBETA 5 MG,HTE0107,1/5/2022,24,10'S,55200,,128.38,ABBOTT HEALTH CARE-CARDIAC,30049079
TELPRES 20 MG 15'S TAB,HTF0079,1/4/2022,37,15'S,55207,,60.95,ABBOTT HEALTH CARE-CARDIAC,30049099
TELPRES 40MG TAB 15'S,HTF0082,1/4/2022,29,15'S,55232,,110.36,ABBOTT HEALTH CARE-CARDIAC,30049099
TELPRES LN 40 TAB,AKF0049,1/12/2021,4,10`S,55241,,65.99,ABBOTT HEALTH CARE-CARDIAC,30049079
TELPRES LN 40 TAB,AKF0062,1/2/2022,20,10`S,55241,,65.99,ABBOTT HEALTH CARE-CARDIAC,30049079
STATOR CV 20MG TAB,WNF0033,1/12/2021,5,15'S,55242,,156.74,ABBOTT HEALTH CARE-CARDIAC,30049079
STATOR CV 20MG TAB,WNF0168,1/5/2022,10,15'S,55242,,156.74,ABBOTT HEALTH CARE-CARDIAC,30049079
STATOR 10MG (15'S),STA0014,1/7/2022,21,15'S,55246,,85.57,ABBOTT HEALTH CARE-CARDIAC,30042019
STATOR 10MG (15'S),STA0015,1/7/2022,60,15'S,55246,,85.57,ABBOTT HEALTH CARE-CARDIAC,30042019
NUBETA 2.5 MG,HTF0136,1/6/2022,17,10'S,55253,,84.12,ABBOTT HEALTH CARE-CARDIAC,30049079
TELPRES 80 MG TAB,HTE0057,1/2/2022,9,10'S,55256,,110.07,ABBOTT HEALTH CARE-CARDIAC,30049079
TELPRES 80 MG TAB,HTF0097,1/4/2022,10,10'S,55256,,112.14,ABBOTT HEALTH CARE-CARDIAC,30049079
STATOR 40 MG 15'S TAB,MDF 0044,1/3/2022,2,15'S,55257,,323,ABBOTT HEALTH CARE-CARDIAC,30042019
IVABID 5 MG TAB  14'S,IJF0008,1/5/2022,47,14`S,55353,,314.59,ABBOTT HEALTH CARE-CARDIAC,30049099
TELPRES H 80 MG TAB,HTE0240,1/11/2021,14,10'S,55355,,263.6,ABBOTT HEALTH CARE-CARDIAC,30049099
IVABID OD 15MG TAB,IVB0001,1/9/2022,10,10'S,55361,,450,ABBOTT HEALTH CARE-CARDIAC,30049099
STATOR 20MG TAB(15'S),STB0016,1/8/2022,19,15'S,55393,,170.79,ABBOTT HEALTH CARE-CARDIAC,30042019
ISMO 20MG TAB 30'S,PCF0441,1/6/2023,19,30'S,55417,,109.87,ABBOTT HEALTH CARE-CARDIAC,30049079
ISMO 10 TABS 30'S,PCF0210,1/3/2023,3,30'S,55422,,65.65,ABBOTT HEALTH CARE-CARDIAC,30049079
ISMO 10 TABS 30'S,PCF0356,1/5/2023,20,30'S,55422,,65.65,ABBOTT HEALTH CARE-CARDIAC,30049079
TELPRES CT 80,WNF0170,1/5/2022,13,10'S,55429,,88.85,ABBOTT HEALTH CARE-CARDIAC,30049079
TELPRES CT 40/12.5 MG TAB 15'S,PCF0338,1/5/2022,14,15'S,55446,,105.29,ABBOTT HEALTH CARE-CARDIAC,30049039
TELPRES CT 40/12.5 MG TAB 15'S,PCF0363,1/6/2022,30,15'S,55446,,105.29,ABBOTT HEALTH CARE-CARDIAC,30049039
IVABID 7.5 MG TAB 14'S,IJE0016,1/8/2021,18,14'S,55454,,380.52,ABBOTT HEALTH CARE-CARDIAC,30049099
RANOGARD 500MG TAB,BRA05136A,1/4/2023,64,10'S,554232,,72.5,ABBOTT HEALTH CARE-CARDIAC,30049034
MOXON 0.3MG TAB,HTE0220,1/11/2021,20,10'S,554233,,97,ABBOTT HEALTH CARE-CARDIAC,30049099
TELPRES MT 25 15'S TAB,MDF 0086,1/12/2021,20,15'S,661003,,283.58,ABBOTT HEALTH CARE-CARDIAC,30049079
TELPRES MT 50MG  15'S,RBF0002,1/11/2021,6,15'S,661004,,314.69,ABBOTT HEALTH CARE-CARDIAC,30049079
STATOR F  TAB 15'S,HTF0113,1/5/2022,27,15'S,661221,,204.15,ABBOTT HEALTH CARE-CARDIAC,30042019
TELPRES 80 AM TAB,HTE0058,1/1/2022,22,10'S,661227,,267.5,ABBOTT HEALTH CARE-CARDIAC,30049099
TELPRES AMH TAB,PCF0053,1/12/2021,8,10'S,661251,,167.91,ABBOTT HEALTH CARE-CARDIAC,30049099
TELPRES AMH TAB,PCF0402,1/6/2022,10,10'S,661251,,167.91,ABBOTT HEALTH CARE-CARDIAC,30049099
TELPRES H 40MG 15'S TAB,PCF0162,1/3/2022,26,15'S,661252,,252.7,ABBOTT HEALTH CARE-CARDIAC,30049079
TELPRES AM TAB 15'S,PCF0219,1/10/2021,13,15'S,661258,,240.05,ABBOTT HEALTH CARE-CARDIAC,30049079
STATOR ASP 75MG 15'S CAPS,ADF0214,1/6/2022,10,15'S,661294,,54.94,ABBOTT HEALTH CARE-CARDIAC,30042019
STATOR ASP 75MG 15'S CAPS,ADF0315,1/9/2022,30,15'S,661294,,60.42,ABBOTT HEALTH CARE-CARDIAC,30042019
PHENERGAN AMP,NPF0145.,1/3/2023,277,5X2ML,27051,,50.45,ABBOTT HEALTH CARE-CD,30049031
PHENERGAN AMP,NPF0312,1/6/2023,106,5X2ML,27051,,50.45,ABBOTT HEALTH CARE-CD,30049031
PHENERGAN AMP,NPF0347,1/6/2023,94,5X2ML,27051,,50.45,ABBOTT HEALTH CARE-CD,30049031
AMISANT 100 MG TAB,HTF0072,1/3/2023,22,10`S,55317,,144.92,ABBOTT HEALTH CARE-CD,30049099
AMISANT 200 MG TAB,HTF0046,1/2/2023,57,10`S,55318,,173.07,ABBOTT HEALTH CARE-CD,30049099
AMISANT 50 MG TAB,HTE0066,1/2/2022,19,10`S,55319,,64.13,ABBOTT HEALTH CARE-CD,30049099
R2-5 MG TAB,MDF 0045,1/5/2022,1,10'S,895065,,105.89,ABBOTT HEALTH CARE-CD,30049099
R2-10 MG TAB,MDF 0047,1/5/2022,6,10'S,895068,,185.6,ABBOTT HEALTH CARE-CD,30049099
R2 F 10 MG TAB,RJE0038,1/7/2021,12,10'S,895071,,282,ABBOTT HEALTH CARE-CD,30049079
R2 F 5 MG,RJE0045,1/11/2021,3,10'S,895072,,176.17,ABBOTT HEALTH CARE-CD,30049079
UVOX CR 150 TAB,AKF0026,1/9/2021,12,10'S,048003,,382.45,ABBOTT HEALTH CARE-CNS TASK FORCE,30049099
UVOX 50MG TAB,MAF0007,1/7/2022,9,10'S,048014,,214.99,ABBOTT HEALTH CARE-CNS TASK FORCE,30049099
UVOX 100MG TAB,MAF0008,1/7/2022,6,10'S,048015,,340.69,ABBOTT HEALTH CARE-CNS TASK FORCE,30049099
VALANCE OD 250MG 15'S,PCF0277,1/10/2021,4,15'S,54033,,127.8,ABBOTT HEALTH CARE-CNS TASK FORCE,30049082
VALANCE OD 250MG 15'S,PCF0278,1/10/2021,20,15'S,54033,,127.8,ABBOTT HEALTH CARE-CNS TASK FORCE,30049082
LEVESAM 250 MG TAB 15'S,HTF0069,1/3/2022,36,15'S,55082,,97.63,ABBOTT HEALTH CARE-CNS TASK FORCE,30049099
OXMAZETOL ER 300 TAB,AOE0351,1/11/2021,23,10'S,55128,,122.09,ABBOTT HEALTH CARE-CNS TASK FORCE,30049099
VALANCE 500MG TAB 15'S,PCE0556,1/8/2021,10,15'S,55183,,204.75,ABBOTT HEALTH CARE-CNS TASK FORCE,30049099
LEVESAM 500(15'S),HTF0088,1/4/2022,60,15'S,55191,,197.3,ABBOTT HEALTH CARE-CNS TASK FORCE,30049099
MDD - XR 50 MG TAB  15'S,RJF0014,1/8/2022,23,15'S,55208,,232.17,ABBOTT HEALTH CARE-CNS TASK FORCE,30049089
TRIBETROL 2 FORTE TAB 15'S,SEF0090,1/6/2022,66,15'S,55209,,302.86,ABBOTT HEALTH CARE-CNS TASK FORCE,30049099
VALANCE OD 750MG 15'S TAB,PCF0273,1/11/2021,7,15'S,55238,,272.85,ABBOTT HEALTH CARE-CNS TASK FORCE,30049099
OXMAZETOL 300 MG,UMF0006,1/5/2023,11,10'S,55250,,130.89,ABBOTT HEALTH CARE-CNS TASK FORCE,30049099
OXMAZETOL 150 MG TAB,UME0015,1/10/2022,25,10'S,55252,,65.8,ABBOTT HEALTH CARE-CNS TASK FORCE,30049099
LEVESAM 750MG TAB 15'S,TPF0182,1/5/2022,2,15'S,661296,,300.82,ABBOTT HEALTH CARE-CNS TASK FORCE,30049099
LEVESAM ORAL SOLUTION,TPF0016,1/12/2021,1,100ML,665073,,398.93,ABBOTT HEALTH CARE-CNS TASK FORCE,30049082
LEVESAM ORAL SOLUTION,TPF0085,1/2/2022,3,100ML,665073,,398.93,ABBOTT HEALTH CARE-CNS TASK FORCE,30049082
LEVESAM ORAL SOLUTION,TPF0086,1/2/2022,10,100ML,665073,,398.93,ABBOTT HEALTH CARE-CNS TASK FORCE,30049082
MDD - XR 100 MG TAB,RJE0044,1/11/2021,8,15'S,667007,,392.4,ABBOTT HEALTH CARE-CNS TASK FORCE,30049089
FACECLIN AT CREAM,JA 004,1/5/2022,15,15GM,54021,,225,ABBOTT HEALTH CARE-DERMA,30042095
FACECLIN AT CREAM,JA 005,1/6/2022,20,15GM,54021,,225,ABBOTT HEALTH CARE-DERMA,30042095
MELALITE XL CREAM,AUF0019,1/9/2021,5,15GM,55016,,245.4,ABBOTT HEALTH CARE-DERMA,30049099
MELALITE XL CREAM,AUF0046,1/1/2022,30,15GM,55016,,268,ABBOTT HEALTH CARE-DERMA,30049099
LOBATE SKIN CREAM,LA 007,1/8/2022,74,30GM,55085,,173,ABBOTT HEALTH CARE-DERMA,30043200
MELALITE CREAM (LARGE),TA 005,1/3/2022,10,50GM,55100,,208,ABBOTT HEALTH CARE-DERMA,30049039
MELALITE CREAM (LARGE),TA 008,1/4/2022,2,50GM,55100,,208,ABBOTT HEALTH CARE-DERMA,30049039
MELALITE 15 CREAM (SMALL),TA 005,1/3/2022,24,30GM,55101,,154,ABBOTT HEALTH CARE-DERMA,30049039
MELALITE 15 CREAM (SMALL),TA 009,1/4/2022,40,30GM,55101,,154,ABBOTT HEALTH CARE-DERMA,30049039
MELALITE FORTE CREAM,FA 005,1/9/2022,8,30GM,55105,,129,ABBOTT HEALTH CARE-DERMA,30049099
XEVOR 5 MG,MDF 0061,1/6/2023,37,10'S,55165,,75,ABBOTT HEALTH CARE-DERMA,30049031
TYZA CREAM 15GM,YA 007,1/4/2023,16,15GM,55218,,105,ABBOTT HEALTH CARE-DERMA,30049029
TYZA TAB,ADF0218,1/12/2022,40,7'S,55280,,149,ABBOTT HEALTH CARE-DERMA,30049029
I TYZA 100MG CAPS 10'S,ITZ0009,1/7/2021,5,10'S,55288,,150.85,ABBOTT HEALTH CARE-DERMA,30049029
LOBATE  S OINT,SA 008,1/5/2022,19,30GM,55294,,166,ABBOTT HEALTH CARE-DERMA,30049099
LOBATE GN CREAM,GA 005,1/8/2022,49,15GM,55313,,62,ABBOTT HEALTH CARE-DERMA,30049099
MELAGARD 50+LOTION,AUF0009,1/1/2022,6,60ML,55314,,523.32,ABBOTT HEALTH CARE-DERMA,30049099
MELAGARD 50+LOTION,AUF0028,1/4/2022,10,60ML,55314,,571,ABBOTT HEALTH CARE-DERMA,30049099
FOLLIHAIR NEW TAB,TLF0076,1/10/2021,28,10'S,55381,,211,ABBOTT HEALTH CARE-DERMA,21069099
FOLLIHAIR NEW TAB,TLF0104,1/1/2022,120,10'S,55381,,211,ABBOTT HEALTH CARE-DERMA,21069099
TYZA M CREAM,UA 015,1/9/2022,33,10GM,55392,,87,ABBOTT HEALTH CARE-DERMA,30049029
SELSUN SHAMPOO,BKF0057,1/6/2023,8,60ML,55409,24+1,197,ABBOTT HEALTH CARE-DERMA,30041010
SELSUN SHAMPOO,EKF0060,1/7/2023,50,60ML,55409,24+1,197,ABBOTT HEALTH CARE-DERMA,30041010
I TYZA 200MG CAP,WNF0133,1/4/2022,30,7'S,55432,,202.4,ABBOTT HEALTH CARE-DERMA,30049029
FOLLIHAIR TAB 30'S,TLF0079,1/10/2021,13,30'S,55434,,583,ABBOTT HEALTH CARE-DERMA,21069099
FOLLIHAIR TAB 30'S,TLF0124,1/3/2022,30,30'S,55434,,583,ABBOTT HEALTH CARE-DERMA,21069099
MINICHEK SOLUTION,AUF0045,1/12/2021,20,60ML,55437,,758,ABBOTT HEALTH CARE-DERMA,30049099
SELSUN SHAMPOO 120ML,EKF0044,1/5/2023,14,120ML,55444,24+1,348.63,ABBOTT HEALTH CARE-DERMA,30041010
SELSUN SHAMPOO 120ML,BKF0044,1/5/2023,25,120ML,55444,24+1,348.63,ABBOTT HEALTH CARE-DERMA,30041010
SELSUN SHAMPOO 120ML,EKF0046,1/5/2023,25,120ML,55444,24+1,348.63,ABBOTT HEALTH CARE-DERMA,30041010
SELSUN DAILY SHAMPOO 60ML,AUF0048,1/6/2023,6,60ML,55445,,186,ABBOTT HEALTH CARE-DERMA,33051090
MINICHEK - F SPRAY,AUF0022,1/9/2021,4,60ML,55453,,901,ABBOTT HEALTH CARE-DERMA,30049099
MINICHEK - F SPRAY,AUF0036,1/11/2021,12,60ML,55453,,901,ABBOTT HEALTH CARE-DERMA,30049099
FACECLIN GEL,PA 016,1/10/2023,53,20GM,666022,,159,ABBOTT HEALTH CARE-DERMA,30042095
AMLUCK CREAM WITH APPLICATOR 30GM,IA 001,1/6/2021,3,30GM,666027,,283,ABBOTT HEALTH CARE-DERMA,30049029
AMLUCK CREAM WITH APPLICATOR 30GM,IA 004,1/8/2021,10,30GM,666027,,309,ABBOTT HEALTH CARE-DERMA,30049029
LOFH 25000IU INJ 5ML,AKD016,1/7/2023,221,5ML,46063,,339.02,ABBOTT HEALTH CARE-DIABETIS,30049099
FIGHTOX FORTE DRY SYRUP,TWF0014,1/7/2021,36,30ML,54059,5+1,130.9,ABBOTT HEALTH CARE-DIABETIS,30049099
DIABETROL TAB,SSF0100,1/8/2022,137,10'S,55044,,48.12,ABBOTT HEALTH CARE-DIABETIS,30043190
DIABETROL TAB,SSF0127,1/9/2022,210,10'S,55044,,48.12,ABBOTT HEALTH CARE-DIABETIS,30043190
GLUFORMIN 500 MG,SSF0013,1/1/2022,96,10'S,55074,,16.39,ABBOTT HEALTH CARE-DIABETIS,30043190
GLUFORMIN G 0.5 TAB,AYF0217,1/11/2021,40,15'S,55076,,61.32,ABBOTT HEALTH CARE-DIABETIS,30043190
NERVUP INJ,NPF0376.,1/1/2022,60,1ML,55122,,97.98,ABBOTT HEALTH CARE-DIABETIS,30045090
SZETALO 5MG TAB,HTF0002,1/12/2021,1,15'S,55166,,74.18,ABBOTT HEALTH CARE-DIABETIS,30049099
SZETALO 5MG TAB,HTF0062,1/3/2022,20,15'S,55166,,75.57,ABBOTT HEALTH CARE-DIABETIS,30049099
DIABETROL SR TAB,AJF0080,1/7/2022,154,10'S,55194,,68.86,ABBOTT HEALTH CARE-DIABETIS,30043190
NERVUP OD CAPS,NOA0047,1/2/2022,9,10'S,55212,,181.53,ABBOTT HEALTH CARE-DIABETIS,30045090
NERVUP OD CAPS,NOA0053.,1/2/2022,120,10'S,55212,,181.53,ABBOTT HEALTH CARE-DIABETIS,30045090
NERVUP FORTE CAPS,GEF0089,1/12/2021,33,10'S,55240,,147.86,ABBOTT HEALTH CARE-DIABETIS,30045090
TELPRES TRIO TAB,WNF0109,1/3/2022,20,10'S,55243,,127.01,ABBOTT HEALTH CARE-DIABETIS,30049079
TRIBET 2MG TAB,AJF0078,1/7/2022,195,15'S,55254,,249.09,ABBOTT HEALTH CARE-DIABETIS,30049099
TRIBET 2MG TAB,AJF0088,1/8/2022,100,15'S,55254,,249.09,ABBOTT HEALTH CARE-DIABETIS,30049099
TRIBET 1 MG 15'S TAB,AJF0070,1/6/2022,45,15'S,55258,,208.4,ABBOTT HEALTH CARE-DIABETIS,30049099
GLUFORMIN G2 FORTE  TAB,AYF0225,1/5/2022,7,15'S,55282,,198.18,ABBOTT HEALTH CARE-DIABETIS,30043190
GLUFORMIN G2 FORTE  TAB,AYF0278,1/6/2022,40,15'S,55282,,198.18,ABBOTT HEALTH CARE-DIABETIS,30043190
NERVUP PG CAPS,ATF0008,1/9/2021,14,10'S,55286,,224.13,ABBOTT HEALTH CARE-DIABETIS,30045090
NERVUP PG CAPS,ATF0009,1/10/2021,20,10'S,55286,,224.13,ABBOTT HEALTH CARE-DIABETIS,30045090
GLUFORMIN G1 FORTE TAB,AYF0114,1/2/2022,6,15'S,55308,,139.97,ABBOTT HEALTH CARE-DIABETIS,30043190
ROCKBON PTH PEN - PFP 750MCG,5502219,1/11/2021,6,3ML,55337,,6490,ABBOTT HEALTH CARE-DIABETIS,30049099
GLUFORMIN XL 1000 15'S,AYF0298,1/7/2023,76,15'S,55401,,60.84,ABBOTT HEALTH CARE-DIABETIS,30043190
GLUFORMIN XL 500 15'S,AYF0210,1/5/2023,130,15'S,55403,,31.84,ABBOTT HEALTH CARE-DIABETIS,30043190
GLUFORMIN XL 500 15'S,AYF0202,1/5/2023,100,15'S,55403,,31.84,ABBOTT HEALTH CARE-DIABETIS,30043190
GLUFORMIN XL 500 15'S,AYF0260,1/6/2023,100,15'S,55403,,31.84,ABBOTT HEALTH CARE-DIABETIS,30043190
GLUFORMIN G1 TAB 15'S,AYF0309,1/7/2022,108,15'S,55405,,121.12,ABBOTT HEALTH CARE-DIABETIS,30043190
GLUFORMIN G2 TAB 15'S,AYF0322,1/7/2022,250,15'S,55406,,190.13,ABBOTT HEALTH CARE-DIABETIS,30043190
LIMCEE 500MG TAB,SAJA0122,1/3/2022,13107,15'S,27090,,22.93,ABBOTT HEALTH CARE-MULTI THERAPY,30045090
MODCEF-D TAB,MEF0011,1/9/2021,12,10'S,55008,,297.23,ABBOTT HEALTH CARE-MULTI THERAPY,30042019
TRESMOX-LB-D CAPS,MRF0161,1/3/2022,26,10'S,55125,10+1,115.56,ABBOTT HEALTH CARE-MULTI THERAPY,30041030
TRESMOX-LB-D CAPS,MRF0240,1/4/2022,22,10'S,55125,10+1,115.56,ABBOTT HEALTH CARE-MULTI THERAPY,30041030
HYDENT PRO TOOTHPASTE 70GM,B.GPF030,1/12/2021,9,70 GM,55425,,237.5,ABBOTT HEALTH CARE-MULTI THERAPY,33061020
HYDENT PRO TOOTHPASTE 70GM,B.GPF031,1/12/2021,20,70 GM,55425,,237.5,ABBOTT HEALTH CARE-MULTI THERAPY,33061020
KENACORT 40/MG /ML INJ,NPF0254,1/4/2023,65,1ML,66195,14+1,136.4,ABBOTT HEALTH CARE-MULTI THERAPY,30043200
KENACORT 40/MG /ML INJ,NPF0365,1/6/2023,72,1ML,66195,14+1,140.49,ABBOTT HEALTH CARE-MULTI THERAPY,30043200
KENACORT 40/MG /ML INJ,NPF0392,1/7/2023,72,1ML,66195,14+1,140.49,ABBOTT HEALTH CARE-MULTI THERAPY,30043200
KENACORT 4MG TAB,SSF0069,1/6/2022,1,10'S,66196,,80.42,ABBOTT HEALTH CARE-MULTI THERAPY,30049069
BASITON FORTE NEW TAB,TLF0109,1/1/2022,15,15'S,661018,,41,ABBOTT HEALTH CARE-MULTI THERAPY,21069099
BASITON FORTE NEW TAB,TLF0131,1/3/2022,60,15'S,661018,,41,ABBOTT HEALTH CARE-MULTI THERAPY,21069099
TOOTHMIN CREAM,B.GPF016,1/3/2022,9,70 GM,661020,,210,ABBOTT HEALTH CARE-MULTI THERAPY,33061020
TOOTHMIN CREAM,B.GPF017,1/3/2023,20,70 GM,661020,,210,ABBOTT HEALTH CARE-MULTI THERAPY,33061020
KETOF DT TAB,WNF0052,1/1/2022,20,10`S,661034,9+1,66,ABBOTT HEALTH CARE-MULTI THERAPY,30049067
KENACORT 8MG TAB,KEB0001,1/12/2021,10,10`S,661035,,99,ABBOTT HEALTH CARE-MULTI THERAPY,30049099
EBILITY 10 MG,ICF0196,1/7/2022,14,10'S,661047,9+1,149.98,ABBOTT HEALTH CARE-MULTI THERAPY,30049069
EBILITY 10 MG,ICF0210,1/8/2022,40,10'S,661047,9+1,149.98,ABBOTT HEALTH CARE-MULTI THERAPY,30049069
HYDENT K TOOTH PASTE,CLF0159,1/10/2022,35,100GM,661075,,138.14,ABBOTT HEALTH CARE-MULTI THERAPY,33061020
KENACORT 10MG INJ,NPF0113,1/1/2023,23,1ML,661091,,65,ABBOTT HEALTH CARE-MULTI THERAPY,30043200
KENACORT 10MG INJ,NPF0114,1/1/2023,35,1ML,661091,,65,ABBOTT HEALTH CARE-MULTI THERAPY,30043200
KENACORT ORAL PASTE 5GM,CA 015,1/2/2022,42,5 GM,661092,9+1,75.23,ABBOTT HEALTH CARE-MULTI THERAPY,30049099
KENACORT ORAL PASTE 5GM,CA 017,1/3/2022,250,5 GM,661092,,75.23,ABBOTT HEALTH CARE-MULTI THERAPY,30049099
TOSSEX NEW SYRUP,TWA0025,1/1/2022,446,100ML,661131,10+1,154.39,ABBOTT HEALTH CARE-MULTI THERAPY,30049099
TOSSEX NEW SYRUP,TWA0027,1/1/2022,200,100ML,661131,10+1,154.39,ABBOTT HEALTH CARE-MULTI THERAPY,30049099
TOSSEX NEW SYRUP,TWA0028,1/1/2022,600,100ML,661131,,154.39,ABBOTT HEALTH CARE-MULTI THERAPY,30049099
TOSSEX - 12 SYRUP,DW0006,1/3/2022,50,100ML,661133,,111.8,ABBOTT HEALTH CARE-MULTI THERAPY,30049094
SETGI CAP,HTF0064,1/2/2022,8,10'S,661160,,141.36,ABBOTT HEALTH CARE-MULTI THERAPY,30049099
TOSSEX DMR SYRUP,ALE0059,1/11/2021,65,100ML,661171,11+1,95.7,ABBOTT HEALTH CARE-MULTI THERAPY,30049099
ZIL-O TAB,ICF0044,1/1/2022,1,10'S,661197,,148.2,ABBOTT HEALTH CARE-MULTI THERAPY,30042034
ZIL-O TAB,ICF0101,1/4/2022,10,10'S,661197,,148.2,ABBOTT HEALTH CARE-MULTI THERAPY,30042034
MYSOLINE 250 MG,MYA0007,1/3/2022,190,10'S,27007,,99.65,ABBOTT HEALTH CARE-NEURO PSYCHIATRY,30049081
MYSOLINE 250 MG,MYA0009,1/3/2022,95,10'S,27007,,99.65,ABBOTT HEALTH CARE-NEURO PSYCHIATRY,30049081
GARDENAL SYRUP 100ML,GRA0014,1/1/2022,100,100ML,27031,,48.78,ABBOTT HEALTH CARE-NEURO PSYCHIATRY,30049081
GAROIN TAB 15'S,GNA0007,1/7/2023,1296,15'S,27032,,61.79,ABBOTT HEALTH CARE-NEURO PSYCHIATRY,30049081
GAROIN TAB 15'S,GNA0009,1/8/2023,240,15'S,27032,,61.79,ABBOTT HEALTH CARE-NEURO PSYCHIATRY,30049081
GARDENAL 30MG TAB(30'S),GDA0004,1/9/2023,31,30'S,27046,,40.97,ABBOTT HEALTH CARE-NEURO PSYCHIATRY,30049081
GARDENAL 60MG TAB (30'S),GDN0001,1/8/2023,1666,30'S,27047,,59.05,ABBOTT HEALTH CARE-NEURO PSYCHIATRY,30049081
EPILEX CHRONO 200 TABS 15'S,PCF0249,1/4/2023,6,15'S,48025,,127.37,ABBOTT HEALTH CARE-NEURO PSYCHIATRY,30044090
EPILEX CHRONO 200 TABS 15'S,PCF0214,1/4/2023,10,15'S,48025,,127.37,ABBOTT HEALTH CARE-NEURO PSYCHIATRY,30044090
EPILEX CHRONO 200 TABS 15'S,PCF0412,1/6/2023,40,15'S,48025,,127.37,ABBOTT HEALTH CARE-NEURO PSYCHIATRY,30044090
EPILEX CHRONO 300 15'S,PCF0459,1/7/2023,65,15'S,48026,,105.35,ABBOTT HEALTH CARE-NEURO PSYCHIATRY,30044090
EPILEX ORAL SOLUTION 200ML,ALF0024,1/4/2022,24,200ML,48027,,129.72,ABBOTT HEALTH CARE-NEURO PSYCHIATRY,30044090
EPILEX 200 TAB 15'S,PCE0694,1/5/2022,30,15'S,48029,,50.86,ABBOTT HEALTH CARE-NEURO PSYCHIATRY,30044090
LIBRIUM 25MG TAB 15'S,LBB0004,1/6/2023,57,15'S,55017,,162.45,ABBOTT HEALTH CARE-NEURO PSYCHIATRY,30049079
RIVOTRIL 0.5MG TAB 15'S,RTA0018,1/8/2023,100,15'S,55142,,51.94,ABBOTT HEALTH CARE-NEURO PSYCHIATRY,30049082
RIVOTRIL 0.5MG TAB 15'S,RTA0019,1/9/2023,117,15'S,55142,,51.94,ABBOTT HEALTH CARE-NEURO PSYCHIATRY,30049082
SZETALO 20MG TAB 15'S,HTE0215,1/11/2021,169,15'S,55156,,210.25,ABBOTT HEALTH CARE-NEURO PSYCHIATRY,30049099
SZETALO 10MG TAB,HTF0015,1/12/2021,10,15'S,55167,,133.13,ABBOTT HEALTH CARE-NEURO PSYCHIATRY,30049099
SZETALO 10MG TAB,HTF0078,1/4/2022,12,15'S,55167,,135.63,ABBOTT HEALTH CARE-NEURO PSYCHIATRY,30049099
CLOZAM 10MG TAB,MPF0069,1/4/2022,35,10'S,55214,,100.77,ABBOTT HEALTH CARE-NEURO PSYCHIATRY,30049082
CLOZAM 5MG TAB,MPF0063,1/4/2022,8,10'S,55216,,55.7,ABBOTT HEALTH CARE-NEURO PSYCHIATRY,30049082
DEPSONIL 25MG TAB,DSA0003.,1/4/2023,62,10'S,55225,,11.88,ABBOTT HEALTH CARE-NEURO PSYCHIATRY,30049081
MAZETOL 200 MG TAB,MZB0011,1/5/2022,1185,10'S,55228,,15.39,ABBOTT HEALTH CARE-NEURO PSYCHIATRY,30049081
MAZETOL 100 MG TAB,HALA0003,1/6/2022,60,10'S,55231,,7.61,ABBOTT HEALTH CARE-NEURO PSYCHIATRY,30049081
MAZETOL 100 MG TAB,HALA0007,1/9/2022,51,10'S,55231,,7.61,ABBOTT HEALTH CARE-NEURO PSYCHIATRY,30049081
MAZETOL SR 400 TAB 15'S,HALI0021,1/7/2022,53,15'S,55235,,51.02,ABBOTT HEALTH CARE-NEURO PSYCHIATRY,30049082
MAZETOL SR 300 TAB 15'S,HALH0011,1/5/2022,5,15'S,55236,,47.85,ABBOTT HEALTH CARE-NEURO PSYCHIATRY,30049082
MAZETOL SR 200MG 15'S,HALG0029,1/5/2022,91,15'S,55237,,25.97,ABBOTT HEALTH CARE-NEURO PSYCHIATRY,30049082
MAZETOL 400 MG TAB,HALC0002,1/8/2022,82,10'S,55251,,32.81,ABBOTT HEALTH CARE-NEURO PSYCHIATRY,30049081
RIVOTRIL 0.25 MG TAB,RTZ0001,1/9/2021,23,10'S,55435,,20.38,ABBOTT HEALTH CARE-NEURO PSYCHIATRY,30049082
RIVOTRIL 0.25 MG TAB,RTZ0002,1/3/2022,40,10'S,55435,,20.38,ABBOTT HEALTH CARE-NEURO PSYCHIATRY,30049082
SZETALO PLUS TAB 15'S,TRF0029,1/10/2021,46,15'S,55455,,228.45,ABBOTT HEALTH CARE-NEURO PSYCHIATRY,30049088
LIBRIUM 10MG 15'S,LBA0008,1/7/2023,127,15'S,661146,,106.69,ABBOTT HEALTH CARE-NEURO PSYCHIATRY,30049079
LIBRIUM 10MG 15'S,LBA0009,1/7/2023,70,15'S,661146,,106.69,ABBOTT HEALTH CARE-NEURO PSYCHIATRY,30049079
RIVOTRIL 2MG 15'S TAB,RTB0003,1/6/2023,28,15'S,661256,,180.81,ABBOTT HEALTH CARE-NEURO PSYCHIATRY,30049082
RIVOTRIL 2MG 15'S TAB,RTB0004,1/9/2023,20,15'S,661256,,180.81,ABBOTT HEALTH CARE-NEURO PSYCHIATRY,30049082
ASCABIOL (BIG),AYF0244,1/5/2023,60,100ML,27002,19+1,99.25,ABBOTT HEALTH CARE-ACUTE CARE,30049099
AVOMINE 25MG. TAB,AVA0009,1/1/2023,9,10,27004,10+1,42.07,ABBOTT HEALTH CARE-ACUTE CARE,30049031
AVOMINE 25MG. TAB,AVA0010,1/2/2023,675,10,27004,10+1,42.07,ABBOTT HEALTH CARE-ACUTE CARE,30049031
BETONIN AST 200ML,BIB0094,1/1/2022,205,200ML,46088,,146.11,ABBOTT HEALTH CARE-ACUTE CARE,30049099
BETONIN AST 400ML,BIC0020,1/3/2022,55,400ML,46089,15+1,229.59,ABBOTT HEALTH CARE-ACUTE CARE,30049099
BETONIN AST 400ML,BIC0021,1/3/2022,16,400ML,46089,15+1,229.59,ABBOTT HEALTH CARE-ACUTE CARE,30049099
AQUAVIRON INJ(6*1ML),AFF0015,1/2/2023,28,6X1ML,54009,,876.78,ABBOTT HEALTH CARE-ACUTE CARE,30049099
DELETUS LS SYRUP,SLE0168,1/9/2021,12,100ML,54022,10+1,98.17,ABBOTT HEALTH CARE-ACUTE CARE,30049099
NEW DELETUS-P SYRUP,SLF0003,1/6/2021,54,100ML,54031,10+1,107.1,ABBOTT HEALTH CARE-ACUTE CARE,30049099
DELETUS PEARLS CAP,PCF0164,1/3/2022,47,10`S,54032,,65.94,ABBOTT HEALTH CARE-ACUTE CARE,30049099
AQUAVIRON CAPS,STF0014,1/8/2021,50,10`S,54034,,160,ABBOTT HEALTH CARE-ACUTE CARE,30049099
LOBATE M CREAM,MA 004,1/8/2022,45,15GM,55088,,99.85,ABBOTT HEALTH CARE-ACUTE CARE,30049099
PARAXIN 250 MG CAPS,PXB0002,1/1/2023,25,10'S,55131,,85.22,ABBOTT HEALTH CARE-ACUTE CARE,30042050
LOBATE GM NEO CREAM,NA 132,1/3/2022,112,15GM,55265,7+1,86.55,ABBOTT HEALTH CARE-ACUTE CARE,30049099
LOBATE GM NEO CREAM,NA 142,1/3/2022,480,15GM,55265,7+1,86.55,ABBOTT HEALTH CARE-ACUTE CARE,30049099
LOBATE GM NEO CREAM,NA 161,1/3/2022,240,15GM,55265,7+1,86.55,ABBOTT HEALTH CARE-ACUTE CARE,30049099
LYSUPRA SYRUP NEW,GBF0003,1/7/2021,29,200ML,55325,11+1,175.5,ABBOTT HEALTH CARE-ACUTE CARE,21069099
PARAXIN 500MG 10'S CAPS,PXC0023,1/8/2023,60,10`S,55408,,177.92,ABBOTT HEALTH CARE-ACUTE CARE,30042050
LOBATE GM NEO LOTION,WA 012,1/11/2021,15,25ML,55427,,98.28,ABBOTT HEALTH CARE-ACUTE CARE,30049099
LOBATE GM NEO LOTION,WA 014,1/12/2021,40,25ML,55427,,98.28,ABBOTT HEALTH CARE-ACUTE CARE,30049099
LUNABET CREAM,Z 9015,1/8/2021,33,10GM,55436,9+1,137.5,ABBOTT HEALTH CARE-ACUTE CARE,30049029
SURBEX  XT  TAB,GEF0138,1/8/2022,49,15'S,56069,,119.06,ABBOTT HEALTH CARE-ACUTE CARE,30045090
SURBEX  XT  TAB,GEF0139,1/8/2022,60,15'S,56069,,119.06,ABBOTT HEALTH CARE-ACUTE CARE,30045090
LUNABET LOTION,A01LU,1/10/2021,15,15ML,56083,,214.5,ABBOTT HEALTH CARE-ACUTE CARE,30049029
LUNABET CREAM 30GM,Z 9016,1/9/2021,33,30GM,56084,4+1,295,ABBOTT HEALTH CARE-ACUTE CARE,30049029
ZIMNIC O 200 TAB,HMF0098,1/5/2022,12,10'S,662040,,188.79,ABBOTT HEALTH CARE-ACUTE CARE,30042034
ZIMNIC 100 TAB,NEE0038,1/1/2022,23,10'S,665061,,70.5,ABBOTT HEALTH CARE-ACUTE CARE,30042019
ZIMNIC 200 TAB,ZJE0003,1/6/2021,21,10'S,665062,,105.17,ABBOTT HEALTH CARE-ACUTE CARE,30042019
ZIMNIC O 100 DT TAB,MEE0024,1/8/2021,4,10'S,665100,,103.6,ABBOTT HEALTH CARE-ACUTE CARE,30042034
CAAT 40 MG TAB,MDF 0094,1/7/2022,18,10'S,55014,,215.34,ABBOTT HEALTH CARE-CRITICAL CARDIOLOGY,30042019
CAAT 40 MG TAB,MDF 0095,1/7/2022,20,10'S,55014,,215.34,ABBOTT HEALTH CARE-CRITICAL CARDIOLOGY,30042019
CALAPTIN 80 MG TAB 30'S,HADB0001,1/1/2023,40,30'S,55031,,46.18,ABBOTT HEALTH CARE-CRITICAL CARDIOLOGY,30049072
CAAT 80 MG TAB,MDE0017,1/12/2021,11,10'S,55039,,531.77,ABBOTT HEALTH CARE-CRITICAL CARDIOLOGY,30042019
CAAT 80 MG TAB,MDF0099,1/7/2022,3,10'S,55039,,584.94,ABBOTT HEALTH CARE-CRITICAL CARDIOLOGY,30042019
CALAPTIN 120 MG SR TAB 15'S,CSA0013,1/8/2022,156,15'S,55046,,63.52,ABBOTT HEALTH CARE-CRITICAL CARDIOLOGY,30049072
CALAPTIN 40 MG TAB 30'S,CSY0008,1/12/2022,175,30'S,55053,,24.86,ABBOTT HEALTH CARE-CRITICAL CARDIOLOGY,30049072
CALAPTIN 240MG SR TAB,CSB0009,1/7/2022,8,15'S,55054,,125.07,ABBOTT HEALTH CARE-CRITICAL CARDIOLOGY,30049072
CALAPTIN 240MG SR TAB,CSB0012,1/8/2022,20,15'S,55054,,125.07,ABBOTT HEALTH CARE-CRITICAL CARDIOLOGY,30049072
CAAT 10 MG,MDF 0082,1/6/2022,61,15'S,55378,,91.79,ABBOTT HEALTH CARE-CRITICAL CARDIOLOGY,30042019
CAAT 20MG TAB(15'S),MDF 0080,1/6/2022,38,15'S,55395,,222.51,ABBOTT HEALTH CARE-CRITICAL CARDIOLOGY,30042019
CAAT 20MG TAB(15'S),MDF 0079,1/6/2022,10,15'S,55395,,222.51,ABBOTT HEALTH CARE-CRITICAL CARDIOLOGY,30042019
DABLEXA 110 CAPS,DRA09239A,1/8/2022,114,10`S,55440,,330,ABBOTT HEALTH CARE-CRITICAL CARDIOLOGY,30049099
DABLEXA 150 CAPS,DRA06235A,1/11/2021,48,10`S,55441,,363,ABBOTT HEALTH CARE-CRITICAL CARDIOLOGY,30049099
CAAT CV 20 MG CAP 15'S,WNE0302,1/8/2021,15,15'S,55448,,142.5,ABBOTT HEALTH CARE-CRITICAL CARDIOLOGY,30049071
CAAT CV 10 MG CAP 15'S,WNE0031,1/12/2021,7,15'S,55449,,124.5,ABBOTT HEALTH CARE-CRITICAL CARDIOLOGY,30049071
CAAT ASP 75 CAP 15'S,ADE0292,1/10/2021,21,15'S,55450,,50,ABBOTT HEALTH CARE-CRITICAL CARDIOLOGY,30042019
ACITROM 3MG TAB (30'S),SSF0041,1/4/2023,5,30'S,661026,,437.9,ABBOTT HEALTH CARE-CRITICAL CARDIOLOGY,30045010
ACITROM 3MG TAB (30'S),SSF0077,1/7/2023,100,30'S,661026,,481.69,ABBOTT HEALTH CARE-CRITICAL CARDIOLOGY,30045010
ACITROM 2MG TAB (30'S),ACE0006,1/4/2022,8,30'S,661027,,377.3,ABBOTT HEALTH CARE-CRITICAL CARDIOLOGY,30045010
ACITROM 2MG TAB (30'S),ACE0007,1/8/2022,230,30'S,661027,,377.3,ABBOTT HEALTH CARE-CRITICAL CARDIOLOGY,30045010
ACITROM 4 MG TAB (30S),SSF0043,1/4/2023,23,30'S,661028,,513.92,ABBOTT HEALTH CARE-CRITICAL CARDIOLOGY,30045010
ACITROM 4 MG TAB (30S),SSF0088,1/7/2023,20,30'S,661028,,513.92,ABBOTT HEALTH CARE-CRITICAL CARDIOLOGY,30045010
R2 TRIO 20MG CAPS,AKE0129,1/8/2021,10,10'S,661139,,221.7,ABBOTT HEALTH CARE-CRITICAL CARDIOLOGY,30049099
R2 TRIO 10MG CAPS,AKE0104,1/6/2021,16,10'S,661140,,144.1,ABBOTT HEALTH CARE-CRITICAL CARDIOLOGY,30049099
NICODUCE 5MG,SEF0089,1/6/2022,50,20'S,662077,,302.2,ABBOTT HEALTH CARE-CRITICAL CARDIOLOGY,30049099
NICODUCE 10MG TAB,SEF0004,1/12/2021,4,20'S,662078,,523.07,ABBOTT HEALTH CARE-CRITICAL CARDIOLOGY,30049099
ACITROM 1MG TAB (30S),ACF0003,1/6/2022,95,30'S,662083,,240.9,ABBOTT HEALTH CARE-CRITICAL CARDIOLOGY,30045010
ACITROM 0.5 MG,MPF0078,1/5/2022,21,10'S,662125,,57.64,ABBOTT HEALTH CARE-CRITICAL CARDIOLOGY,30045010
ACITROM 0.5 MG,MPF0141,1/9/2022,40,10'S,662125,,57.64,ABBOTT HEALTH CARE-CRITICAL CARDIOLOGY,30045010
GUMLOC GEL 10ML,GF001,1/2/2022,68,10ML,47156,,80,ABBOTT HEALTH CARE-DERMO COSMETICS,30049069
ELUTION SHAMPOO 200ML,F1355,1/10/2022,24,1'S,55198,,990,ABBOTT HEALTH CARE-DERMO COSMETICS,33049990
ADERMA SOOTHING FOAMING GEL,F1466I,1/7/2021,35,100ML,668001,,690,ABBOTT HEALTH CARE-DERMO COSMETICS,33049930
KERACNYL FOAMING GEL (BIG),F715G,1/4/2022,58,100ML,668004,,620,ABBOTT HEALTH CARE-DERMO COSMETICS,33049910
KERACNYL FOAMING GEL (SMALL),F715H,1/4/2022,17,50ML,668005,,360,ABBOTT HEALTH CARE-DERMO COSMETICS,33049910
SQUANORM SHAMPOO,F152,1/10/2021,11,200ML,668011,,1200,ABBOTT HEALTH CARE-DERMO COSMETICS,33049990
PROTECT FLUID SPF 50+ CREAM,F115,1/9/2021,9,40ML,668012,,1200,ABBOTT HEALTH CARE-DERMO COSMETICS,33049990
KERACNYL PP CREAM,F298A,1/12/2021,32,30ML,668016,,580,ABBOTT HEALTH CARE-DERMO COSMETICS,33049910
PHOTOSCREEN DEPIGMENTING CREAM,F210O,1/11/2021,1,30ML,668017,,960,ABBOTT HEALTH CARE-DERMO COSMETICS,33049910
PHOTOSCREEN DEPIGMENTING CREAM,F215A,1/12/2021,10,30ML,668017,,960,ABBOTT HEALTH CARE-DERMO COSMETICS,33049910
RHEACALM SOOTHING LIGHT CREAM,F475A,1/11/2021,42,30ML,668018,,470,ABBOTT HEALTH CARE-DERMO COSMETICS,33049930
ANAPHASE PLUS SHAMPOO 100ML,F2108,1/7/2022,72,100ML,668019,,790,ABBOTT HEALTH CARE-DERMO COSMETICS,33049990
EPITHELIALE AH DUO CREAM,F2120,1/9/2022,71,40ML,668020,,760,ABBOTT HEALTH CARE-DERMO COSMETICS,33049990
DERMALIBOUR FOAMING GEL 125ML,F704,1/8/2021,10,125ML,668021,,750,ABBOTT HEALTH CARE-DERMO COSMETICS,33049990
ANAPHASE PLUS SHAMPOO 200ML,F2127,1/6/2023,30,200ML,668023,,1300,ABBOTT HEALTH CARE-DERMO COSMETICS,33049990
REJOINT NEW TAB 15'S,GEF0105,1/7/2022,220,15'S,54051,,453.75,ABBOTT HEALTH CARE-ORTHO,30049031
THIOSPAS 4MG CAPS,ADF0061,1/1/2022,20,10'S,54056,,175.62,ABBOTT HEALTH CARE-ORTHO,30049069
THIOSPAS 8MG CAPS,ADE0219,1/7/2021,14,10'S,54060,,257.61,ABBOTT HEALTH CARE-ORTHO,30049069
THIOSPAS A 4 MG,ADF0260,1/8/2022,31,10'S,54080,,223.91,ABBOTT HEALTH CARE-ORTHO,30049069
REJOINT UC CAPS,SLF0006,1/6/2021,15,10'S,54083,,764,ABBOTT HEALTH CARE-ORTHO,21069099
LORSAID  P 325 TAB,TPF0129,1/3/2022,38,10'S,55029,,90.14,ABBOTT HEALTH CARE-ORTHO,30049069
LORSAID P 8MG TAB,TPF0130,1/3/2022,20,10'S,55033,,130.68,ABBOTT HEALTH CARE-ORTHO,30049069
LORSAID P 8MG TAB,TPF0183,1/5/2022,29,10'S,55033,,130.68,ABBOTT HEALTH CARE-ORTHO,30049069
ROCALTROL 0.25MG CAP,RCA0004D,1/8/2022,41,10'S,55140,,258.21,ABBOTT HEALTH CARE-ORTHO,30045036
ROCALTROL 0.25MG CAP,RCA0005A,1/8/2022,117,10'S,55140,,258.21,ABBOTT HEALTH CARE-ORTHO,30045036
SAFEDICLO CAPS,IAF0012,1/3/2022,21,10'S,55149,,112.2,ABBOTT HEALTH CARE-ORTHO,30043190
DURAPAIN  TAB,SEF0010,1/1/2022,30,10'S,55281,,172.7,ABBOTT HEALTH CARE-ORTHO,30049069
DURAPAIN  TAB,SEF0075,1/5/2022,50,10'S,55281,,189.97,ABBOTT HEALTH CARE-ORTHO,30049069
ACTIV 360MG CAPS,WNF0066,1/7/2021,16,15'S,55283,,420,ABBOTT HEALTH CARE-ORTHO,21069099
SUPRACTIVE CAPS 15'S,GEF0115,1/1/2022,25,15'S,55352,,223,ABBOTT HEALTH CARE-ORTHO,21069099
SURBEX FE 30MG CHEWABLE TAB,WNF0045,1/7/2021,28,15'S,56085,,300,ABBOTT HEALTH CARE-ORTHO,21069099
REJOINT UC PLUS TAB,SEF0011,1/7/2021,21,10'S,66198,,800,ABBOTT HEALTH CARE-ORTHO,21069099
FEBUSTAT 80MG TAB 15'S,FSB0001,1/1/2022,29,15'S,661005,,348.97,ABBOTT HEALTH CARE-ORTHO,30049069
FEBUSTAT 40MG TAB 15'S,FSA0006,1/7/2022,41,15'S,661230,,223.6,ABBOTT HEALTH CARE-ORTHO,30049069
FEBUSTAT 40MG TAB 15'S,FSA0007,1/8/2022,200,15'S,661230,,223.6,ABBOTT HEALTH CARE-ORTHO,30049069
LORSAID SD 8 MG TAB,LSB0005,1/8/2022,30,10'S,661250,,130.68,ABBOTT HEALTH CARE-ORTHO,30049069
REJOINT T CAPS,WNF0099,1/9/2021,20,15'S,666028,,412.5,ABBOTT HEALTH CARE-ORTHO,21069099
KIDPRED SUSP,KPR0014,1/11/2021,128,60ML,27016,,28.55,ABBOTT HEALTH CARE-GENERAL MEDICINE,30049069
FLAGYL 400 MG TAB,FLA0023,1/7/2023,29,15'S,27022,,21.33,ABBOTT HEALTH CARE-GENERAL MEDICINE,30049022
FLAGYL 400 MG TAB,HAHB0151,1/8/2023,432,15'S,27022,,21.33,ABBOTT HEALTH CARE-GENERAL MEDICINE,30049022
FLAGYL SYRUP(BIG),YAHC0039,1/5/2023,74,60ML,27024,,30.11,ABBOTT HEALTH CARE-GENERAL MEDICINE,30049022
ESSENTIALE-L 1GM CAP,GEF0062,1/4/2022,34,10.S,27025,,351,ABBOTT HEALTH CARE-GENERAL MEDICINE,29232090
ESSENTIALE-L 1GM CAP,GEF0124,1/8/2022,20,10.S,27025,,368,ABBOTT HEALTH CARE-GENERAL MEDICINE,29232090
CLARIBID GRANULES,MBF0055,1/2/2022,30,30ML,27043,,144.46,ABBOTT HEALTH CARE-GENERAL MEDICINE,30042063
PHENERGAN 10MG TABS,PCF0401,1/6/2023,60,10,27049,,15.75,ABBOTT HEALTH CARE-GENERAL MEDICINE,30049031
PHENERGAN 25MG. TABS,PCF0287,1/4/2023,115,10,27050,,37.88,ABBOTT HEALTH CARE-GENERAL MEDICINE,30049031
PHENERGAN SYRUP,PNT0024.,1/6/2022,16,100ML,27056,,37.92,ABBOTT HEALTH CARE-GENERAL MEDICINE,30049031
PHENERGAN SYRUP,PNT0025,1/6/2022,200,100ML,27056,,37.92,ABBOTT HEALTH CARE-GENERAL MEDICINE,30049031
ROVAMYCIN FORTE,RFA0004,1/6/2022,47,10,27062,,597.85,ABBOTT HEALTH CARE-GENERAL MEDICINE,30049087
SECNIL FORTE 1G,PCF0034,1/12/2021,1,2'S,27068,,145.2,ABBOTT HEALTH CARE-GENERAL MEDICINE,30049024
SECNIL FORTE 1G,PCF0333,1/5/2022,85,2'S,27068,,159.72,ABBOTT HEALTH CARE-GENERAL MEDICINE,30049024
STEMETIL AMPS,NFF0180,1/6/2023,17,12*1ML,27071,,223.56,ABBOTT HEALTH CARE-GENERAL MEDICINE,30049039
SUPRA PLUS TAB,WNF0074,1/8/2021,270,15'S,27074,9+1,46,ABBOTT HEALTH CARE-GENERAL MEDICINE,21069099
STEMETIL MD 15'S TAB,SEA0075,1/3/2022,193,15'S,27075,,129.76,ABBOTT HEALTH CARE-GENERAL MEDICINE,30049039
STEMETIL MD 15'S TAB,SEA0079,1/3/2022,60,15'S,27075,,129.76,ABBOTT HEALTH CARE-GENERAL MEDICINE,30049039
STEMETIL MD 15'S TAB,SEA0080,1/3/2022,180,15'S,27075,,129.76,ABBOTT HEALTH CARE-GENERAL MEDICINE,30049039
TIXYLIX SYP,WNF0120,1/9/2021,108,60ML,27078,,76.89,ABBOTT HEALTH CARE-GENERAL MEDICINE,30049031
ESOGA-RD CAPSULES,ICF0107,1/4/2022,50,10'S,27082,,150.64,ABBOTT HEALTH CARE-GENERAL MEDICINE,30049039
FLAGYL 200 MG TAB,FGA0017,1/6/2023,27,15'S,27093,,11.59,ABBOTT HEALTH CARE-GENERAL MEDICINE,30049022
FLAGYL 200 MG TAB,FGA0019,1/8/2023,64,15'S,27093,,11.59,ABBOTT HEALTH CARE-GENERAL MEDICINE,30049022
CLARIBID 500MG TAB 10'S,MBF0079,1/5/2022,53,10`S,27094,,550.6,ABBOTT HEALTH CARE-GENERAL MEDICINE,30042063
CLARIBID 250MG TAB 10'S,MBF0100,1/5/2022,40,10'S,27107,,312.35,ABBOTT HEALTH CARE-GENERAL MEDICINE,30042063
SOLSPRE NASAL SPRAY,PTF0016,1/5/2023,26,1'S,048013,,399,ABBOTT HEALTH CARE-GENERAL MEDICINE,30049029
B-STIL 8MG,TPF0114,1/2/2022,14,10'S,55064,,82.28,ABBOTT HEALTH CARE-GENERAL MEDICINE,30049039
B-STIL 24MG,TPE0240,1/8/2021,12,10'S,55139,,208.83,ABBOTT HEALTH CARE-GENERAL MEDICINE,30049039
B-STIL 24MG,TPF0061,1/1/2022,19,10'S,55139,,208.83,ABBOTT HEALTH CARE-GENERAL MEDICINE,30049039
B-STIL 16MG,TPF0115,1/2/2022,5,10'S,55170,,152.35,ABBOTT HEALTH CARE-GENERAL MEDICINE,30049039
BILAZEST 20MG TAB,HTF0005,1/12/2021,33,10`S,55279,,135,ABBOTT HEALTH CARE-GENERAL MEDICINE,30049099
BILAZEST 20MG TAB,HTF0026,1/1/2022,30,10`S,55279,,135,ABBOTT HEALTH CARE-GENERAL MEDICINE,30049099
BILAZEST M TAB,HTF0061,1/2/2022,100,10'S,55284,,158,ABBOTT HEALTH CARE-GENERAL MEDICINE,30049099
ENLIVA CAPS,ADE0277,1/10/2021,3,10'S,56079,,172.98,ABBOTT HEALTH CARE-GENERAL MEDICINE,30049039
ENLIVA CAPS,AF0041,1/12/2021,5,10'S,56079,,172.98,ABBOTT HEALTH CARE-GENERAL MEDICINE,30049039
ENLIVA CAPS,ADF0180,1/5/2022,10,10'S,56079,,172.98,ABBOTT HEALTH CARE-GENERAL MEDICINE,30049039
TIXYLIX-LS SYRUP,SLF0055,1/6/2022,39,100ML,661093,,97.17,ABBOTT HEALTH CARE-GENERAL MEDICINE,30049031
AMICOLON CAP (10'S),AZE0007,1/11/2021,6,10'S,661130,,251.35,ABBOTT HEALTH CARE-GENERAL MEDICINE,30049099
AMICOLON CAP (10'S),AZF0001,1/2/2022,10,10'S,661130,,251.35,ABBOTT HEALTH CARE-GENERAL MEDICINE,30049099
PHENSEDYL LR 100ML,PAHL2003,1/7/2021,59,100ML,27048,9+1,116.28,ABBOTT HEALTH CARE-MULTISPECIALTY,30042019
BECOMAX - C  FORTE,TLF0003,1/6/2021,6,15'S,27059,9+1,49,ABBOTT HEALTH CARE-MULTISPECIALTY,21069099
BECOMAX - C  FORTE,TLF0004,1/6/2021,15,15'S,27059,,49,ABBOTT HEALTH CARE-MULTISPECIALTY,21069099
PHENSEDYL CR SYRUP,ALE0063,1/11/2021,99,100ML,27063,9+1,86.35,ABBOTT HEALTH CARE-MULTISPECIALTY,30049099
RASHFREE CREAM 30GM,VA 026,1/8/2022,38,30GM,46060,,173,ABBOTT HEALTH CARE-MULTISPECIALTY,30049099
RASHFREE CREAM 30GM,VA 027,1/8/2022,100,30GM,46060,,173,ABBOTT HEALTH CARE-MULTISPECIALTY,30049099
EBASIL 10MG TAB,MCF0002,1/1/2022,33,10'S,048010,,88.89,ABBOTT HEALTH CARE-MULTISPECIALTY,30049099
FAMTAC 40 MG SOFTGELS,GEF0117,1/7/2022,37,14'S,55062,,24.08,ABBOTT HEALTH CARE-MULTISPECIALTY,30049069
FAMTAC 40 MG SOFTGELS,GEF0119,1/8/2022,60,14'S,55062,,26.48,ABBOTT HEALTH CARE-MULTISPECIALTY,30049069
ROCKBON KIT TAB,PCF0301,1/4/2022,6,31'S,55324,,425.7,ABBOTT HEALTH CARE-MULTISPECIALTY,30049099
ROCKBON KIT TAB,PCF0350,1/5/2022,38,31'S,55324,,425.7,ABBOTT HEALTH CARE-MULTISPECIALTY,30049099
ROCKBON TAB 15'S,TPF0073,1/1/2022,32,15'S,55338,,319.14,ABBOTT HEALTH CARE-MULTISPECIALTY,30045090
ROCKBON D 400IU TAB,TPF0021.,1/6/2021,158,15'S,55402,10+1,140.61,ABBOTT HEALTH CARE-MULTISPECIALTY,30045039
ROCKBON D 400IU TAB,.TPF0021,1/6/2021,10,15'S,55402,,140.61,ABBOTT HEALTH CARE-MULTISPECIALTY,30045039
COSYMOXYL 625MG TAB(10'S),MRF0014,1/12/2021,24,10'S,661008,5+1,162.25,ABBOTT HEALTH CARE-MULTISPECIALTY,30041030
CEFCHAMP 325 TAB (10'S),TWF0011,1/6/2021,41,10'S,661025,9+1,343.04,ABBOTT HEALTH CARE-MULTISPECIALTY,30042039
MONTI-FX TAB,ADF01041,1/4/2022,17,10'S,661045,,181.54,ABBOTT HEALTH CARE-MULTISPECIALTY,30049039
MONTI-FX TAB,ADF0141,1/4/2022,40,10'S,661045,,181.54,ABBOTT HEALTH CARE-MULTISPECIALTY,30049039
PHENSEDYL T SYRUP 100ML,PLT0011,1/2/2022,68,100ML,661132,,140.36,ABBOTT HEALTH CARE-MULTISPECIALTY,30049099
PHENSEDYL T SYRUP 100ML,PLT0012,1/2/2022,100,100ML,661132,,140.36,ABBOTT HEALTH CARE-MULTISPECIALTY,30049099
CYTOGARD OD 60MG CAPS,IAF0033,1/8/2022,44,15'S,55052,,387.01,ABBOTT HEALTH CARE - CTF,30049039
SORBITRATE 10 MG TAB,SBB0017,1/8/2023,7,50'S,55150,,40.88,ABBOTT HEALTH CARE - CTF,30049079
SORBITRATE 10 MG TAB,SBB0020,1/8/2023,60,50'S,55150,,40.88,ABBOTT HEALTH CARE - CTF,30049079
SORBITRATE 5 MG TAB,SBA0024.,1/8/2023,44,50'S,55151,,42,ABBOTT HEALTH CARE - CTF,30049079
SORBITRATE 5 MG TAB,SBA0026.,1/8/2023,90,50'S,55151,,42,ABBOTT HEALTH CARE - CTF,30049079
GTN SORBITRATE CR 2.6MG TAB,TRF0040,1/6/2022,33,30'S,55162,,189,ABBOTT HEALTH CARE - CTF,30049079
GTN SORBITRATE CR 6.4MG TAB,TRF0053,1/7/2022,21,30'S,55163,,278.7,ABBOTT HEALTH CARE - CTF,30045039
SUPERMET XL 25MG 15'S TAB,AJF0082,1/7/2023,85,15'S,55270,,53.46,ABBOTT HEALTH CARE - CTF,30049074
SUPERMET XL 100 MG TAB,AJF0057,1/5/2023,19,10'S,55273,,143.97,ABBOTT HEALTH CARE - CTF,30049074
SUPERMET AM  TAB,TRF0042,1/12/2021,48,10'S,55276,,138.79,ABBOTT HEALTH CARE - CTF,30049079
SUPERMET H TAB,TRF0047,1/7/2022,11,10'S,55278,,98.28,ABBOTT HEALTH CARE - CTF,30045039
CYTOGARD MR 35MG TAB,PLQAM01,1/4/2022,73,10'S,55312,,118,ABBOTT HEALTH CARE - CTF,30049039
SUPERMET XL 50MG TAB 15'S,ICF0229,1/8/2022,14,15'S,55412,,78.37,ABBOTT HEALTH CARE - CTF,30049074
SUPERMET XL 50MG TAB 15'S,ICF0230,1/8/2022,40,15'S,55412,,78.37,ABBOTT HEALTH CARE - CTF,30049074
TRESMOX CV 10'S,MRF0015,1/12/2021,26,10`S,661049,10+1,196.82,ABBOTT HEALTH CARE - CTF,30041030
TRESMOX CV 10'S,MRF0062,1/12/2021,77,10`S,661049,10+1,196.82,ABBOTT HEALTH CARE - CTF,30041030
CILADUO 10MG TAB,HTF0063,1/3/2022,15,10'S,661290,,101.32,ABBOTT HEALTH CARE - CTF,30049079
CILADUO 5MG TAB,HTE0201,1/9/2021,20,10'S,661291,,66.2,ABBOTT HEALTH CARE - CTF,30049079
TG GOAL 145 TAB,HTF0077,1/4/2022,16,10'S,895076,,209.4,ABBOTT HEALTH CARE - CTF,30042019
PPG MET 0.2 MG TAB,SEF0095,1/6/2023,31,10'S,54079,,101.98,ABBOTT HEALTH CARE-DIABETES TASK FORCE,30043190
PPG MET 0.2 MG TAB,SEF0096,1/6/2023,20,10'S,54079,,101.98,ABBOTT HEALTH CARE-DIABETES TASK FORCE,30043190
GLIMER 1MG  TAB 15'S,SSF0017,1/2/2022,1,15'S,55072,,58.94,ABBOTT HEALTH CARE-DIABETES TASK FORCE,30043190
GLIMER 1MG  TAB 15'S,SSF0074,1/6/2022,80,15'S,55072,,60.05,ABBOTT HEALTH CARE-DIABETES TASK FORCE,30043190
ZEFORMIN XR 30 MG TAB,IAF0026,1/7/2022,15,10'S,55188,,95.37,ABBOTT HEALTH CARE-DIABETES TASK FORCE,30043190
ZEFORMIN XR 60 MG TAB,IAF0014,1/5/2022,5,10'S,55189,,137.17,ABBOTT HEALTH CARE-DIABETES TASK FORCE,30043190
ZEFORMIN XR 60 MG TAB,IAF0028,1/8/2022,20,10'S,55189,,137.17,ABBOTT HEALTH CARE-DIABETES TASK FORCE,30043190
WINBP H 20 TAB,HTF0153,1/6/2022,24,10'S,55330,,174.19,ABBOTT HEALTH CARE-DIABETES TASK FORCE,30049079
TRIBETROL 1 FORTE TAB 15'S,SEF0045,1/3/2022,28,15'S,55335,,273.82,ABBOTT HEALTH CARE-DIABETES TASK FORCE,30049099
WINBP-H 40 MG TAB,HTF0053,1/2/2022,13,10'S,55364,,282.01,ABBOTT HEALTH CARE-DIABETES TASK FORCE,30049079
PPG MET 0.3MG TAB,SEF0094,1/6/2023,30,10'S,55369,,140.52,ABBOTT HEALTH CARE-DIABETES TASK FORCE,30043190
PPG 0.2 MG TAB (30'S),HTF0109,1/5/2022,3,30'S,55382,,179.38,ABBOTT HEALTH CARE-DIABETES TASK FORCE,30049099
PPG 0.2 MG TAB (30'S),HTF0110,1/5/2022,20,30'S,55382,,179.38,ABBOTT HEALTH CARE-DIABETES TASK FORCE,30049099
PPG 0.3 MG (30'S),HTF0101,1/4/2022,21,30'S,55384,,272.94,ABBOTT HEALTH CARE-DIABETES TASK FORCE,30049099
TRIBETROL 2MG TAB 15S,SEF0097,1/6/2022,24,15'S,55386,,254.87,ABBOTT HEALTH CARE-DIABETES TASK FORCE,30049099
TRIBETROL 2MG TAB 15S,SEF0098,1/6/2022,40,15'S,55386,,254.87,ABBOTT HEALTH CARE-DIABETES TASK FORCE,30049099
WINBP CT 20/6.25 MG TAB,MPF0074,1/5/2022,17,10`S,55398,,160.41,ABBOTT HEALTH CARE-DIABETES TASK FORCE,30049039
WINBP AM 40 15'S,HTE0212,1/10/2021,7,15'S,55456,,396.38,ABBOTT HEALTH CARE-DIABETES TASK FORCE,30049099
TRIBETROL 1MG TAB 15'S,SEF0046,1/3/2022,10,15'S,554241,,189.3,ABBOTT HEALTH CARE-DIABETES TASK FORCE,30049099
TRIBETROL 1MG TAB 15'S,SEF0092,1/6/2023,25,15'S,554241,,208.21,ABBOTT HEALTH CARE-DIABETES TASK FORCE,30049099
ABVIDA M 50/500MG TAB,AVC0004,1/12/2021,9,15'S,628011,,180,ABBOTT HEALTH CARE-DIABETES TASK FORCE,30043190
ABVIDA 50MG TAB,ABA9003,1/10/2021,9,15'S,628012,,150,ABBOTT HEALTH CARE-DIABETES TASK FORCE,30043190
ABVIDA 50MG TAB,ABA0001,1/1/2022,20,15'S,628012,,150,ABBOTT HEALTH CARE-DIABETES TASK FORCE,30043190
ABVIDA-M 50/1000MG TAB,AVD9002,1/10/2021,22,15'S,628013,,210,ABBOTT HEALTH CARE-DIABETES TASK FORCE,30043190
GLEDEPA 10MG TAB,LHX001,1/4/2022,20,14`S,661036,,802.9,ABBOTT HEALTH CARE-DIABETES TASK FORCE,30049099
GLEDEPA 5MG TAB,LLW001,1/9/2021,15,14`S,661037,,692.5,ABBOTT HEALTH CARE-DIABETES TASK FORCE,30049099
GLEDEPA MET XR 1000 MG TAB,LK0110,1/3/2022,11,7'S,661039,,418.6,ABBOTT HEALTH CARE-DIABETES TASK FORCE,30049099
GLEDEPA MET XR 500 MG TAB,LK0112,1/6/2022,3,7'S,661040,,403.9,ABBOTT HEALTH CARE-DIABETES TASK FORCE,30049099
GLEDEPA MET XR 500 MG TAB,LL0377,1/6/2022,12,7'S,661040,,403.9,ABBOTT HEALTH CARE-DIABETES TASK FORCE,30049099
GLEDEPA MET 5/1000MG TAB,THW001,1/8/2022,29,14'S,661046,,437,ABBOTT HEALTH CARE-DIABETES TASK FORCE,30049074
WINBP 40MG TAB 15'S,HTF0075,1/3/2022,11,15'S,661209,,324.46,ABBOTT HEALTH CARE-DIABETES TASK FORCE,30049095
WINBP 20MG TAB,HTF0127,1/5/2022,12,15'S,661223,,183.61,ABBOTT HEALTH CARE-DIABETES TASK FORCE,30049099
PROTUSSA SYRUP,TPF0107,1/2/2022,56,60ML,48037,,102.2,ABBOTT HEALTH CARE-VINTAGE,30049093
BACTRIM DS TAB,PMF0152,1/8/2023,149,10'S,55015,,22.58,ABBOTT HEALTH CARE-VINTAGE,30049083
BACTRIM DS TAB,PMF0156,1/8/2023,60,10'S,55015,,22.58,ABBOTT HEALTH CARE-VINTAGE,30049083
NEBASULF POWDER,EM031,1/11/2021,38,10GM,55019,9+1,59.5,ABBOTT HEALTH CARE-VINTAGE,30049087
NEBASULF POWDER,EM037,1/12/2021,200,10GM,55019,9+1,59.5,ABBOTT HEALTH CARE-VINTAGE,30049087
NEBASULF POWDER,EM050,1/2/2022,200,10GM,55019,9+1,59.5,ABBOTT HEALTH CARE-VINTAGE,30049087
GENTICYN 20 MG INJ,NFF0047,1/8/2022,88,2ML,55070,,6.94,ABBOTT HEALTH CARE-VINTAGE,30042099
GENTICYN 80 MG INJ,AHF0071,1/4/2022,1890,2ML,55071,,9.38,ABBOTT HEALTH CARE-VINTAGE,30049087
HAEMACCEL INFUSION,HMA0045,1/2/2023,9,500ML,55077,,421.3,ABBOTT HEALTH CARE-VINTAGE,30049092
MALIDENS TAB,PCE0798,1/11/2022,18,10'S,55102,10+1,9.79,ABBOTT HEALTH CARE-VINTAGE,30049069
MALIDENS SUSP,MPF0056,1/4/2022,93,60ML,55104,,22.36,ABBOTT HEALTH CARE-VINTAGE,30049073
GENTICYN E/E DROPS,HGD078,1/8/2021,133,10ML,55116,,9.89,ABBOTT HEALTH CARE-VINTAGE,30049087
GENTICYN E/E DROPS,HGD079,1/9/2021,84,10ML,55116,,9.89,ABBOTT HEALTH CARE-VINTAGE,30049087
MALIDENS-DS SUSP,MPE0168,1/11/2021,102,60ML,55126,10+1,39.59,ABBOTT HEALTH CARE-VINTAGE,30049069
MALIDENS-DS SUSP,MPF0022,1/1/2022,300,60ML,55126,10+1,39.59,ABBOTT HEALTH CARE-VINTAGE,30049069
VALIUM TAB 10MG,VLC0002.,1/8/2023,79,10'S,55171,,85.77,ABBOTT HEALTH CARE-VINTAGE,30049081
VALIUM TAB 2MG,VLA0001,1/4/2023,6,10'S,55172,,16.69,ABBOTT HEALTH CARE-VINTAGE,30049081
VALIUM TAB 2MG,VLA0002,1/8/2023,50,10'S,55172,,16.69,ABBOTT HEALTH CARE-VINTAGE,30049081
VALIUM TAB 5MG,VLB0006,1/5/2023,13,10'S,55173,,15.83,ABBOTT HEALTH CARE-VINTAGE,30049081
VALIUM TAB 5MG,VLB0006.,1/8/2023,99,10'S,55173,,15.83,ABBOTT HEALTH CARE-VINTAGE,30049081
VITAMIN A CHEW,PMF0087,1/4/2022,36,10'S,55174,,7.84,ABBOTT HEALTH CARE-VINTAGE,30045031
VITAMIN A CHEW,PMF0088,1/4/2022,50,10'S,55174,,7.84,ABBOTT HEALTH CARE-VINTAGE,30045031
GENTICYN 60 MG INJ 12'S,NFF0107,1/10/2022,6,12*1.5ML,55197,,50.4,ABBOTT HEALTH CARE-VINTAGE,30049087
GENTICYN 60 MG INJ 12'S,NFF0141,1/10/2022,10,12*1.5ML,55197,,50.4,ABBOTT HEALTH CARE-VINTAGE,30049087
MALIDENS 650 PARACETAMOL TAB,PCE0725,1/10/2022,131,10'S,55263,10+1,20.14,ABBOTT HEALTH CARE-VINTAGE,30049069
ERYTHROCIN 250MG TAB,MBF0017,1/1/2022,35,10'S,55410,,41.43,ABBOTT HEALTH CARE-VINTAGE,30042061
ERYTHROCIN 500MG TAB,MBF0014,1/12/2021,35,10`S,55411,,80.7,ABBOTT HEALTH CARE-VINTAGE,30042061
QUADRIDERM RF 5GM,Z220520,1/4/2022,243,5 GM,609273,5+1,62,ABBOTT HEALTH CARE-VINTAGE,30049029
QUADRIDERM RF10GM,Z200520,1/4/2022,47,10GM,609274,5+1,126,ABBOTT HEALTH CARE-VINTAGE,30049029
QUADRIDERM RF10GM,Z430620,1/5/2022,240,10GM,609274,5+1,126,ABBOTT HEALTH CARE-VINTAGE,30049029
AMBISTRYN  S 1GM INJ,NFE0092,1/2/2022,794,VIAL,661001,,10.27,ABBOTT HEALTH CARE-VINTAGE,30041070
AMBISTRYN S 0.75 GM INJ,NFF0157,1/4/2023,83,VIAL,661014,,9.17,ABBOTT HEALTH CARE-VINTAGE,30041070
PENTIDS 200 TAB 10'S,MRF0408,1/12/2021,62,10'S,661127,,10.28,ABBOTT HEALTH CARE-VINTAGE,30041010
RESTECLIN 250 MG CAPS,RIA0007,1/3/2022,15,10'S,661135,,16.48,ABBOTT HEALTH CARE-VINTAGE,30042049
RESTECLIN 500 MG CAPS,RIB0031,1/9/2022,109,10'S,661136,,29.26,ABBOTT HEALTH CARE-VINTAGE,30042049
CROTORAX HC CREAM,HA 006,1/7/2023,43,10GM,661195,,62.92,ABBOTT HEALTH CARE-VINTAGE,30045090
CROTORAX HC CREAM,HA 007,1/8/2023,30,10GM,661195,,62.92,ABBOTT HEALTH CARE-VINTAGE,30045090
CROTORAX CREAM,BA 003,1/4/2023,10,20GM,661196,,54.65,ABBOTT HEALTH CARE-VINTAGE,30049099
CROTORAX LOTION,DA 011,1/6/2023,10,60ML,661206,,130.57,ABBOTT HEALTH CARE-VINTAGE,30049099
PENTIDS 800 TAB 10'S,MRF0566,1/1/2022,59,10`S,661207,,29.33,ABBOTT HEALTH CARE-VINTAGE,30041010
PENTIDS 400MG TAB 10'S,MRF0470,1/12/2021,260,10`S,661208,,16.5,ABBOTT HEALTH CARE-VINTAGE,30041010
PENTIDS 400MG TAB 10'S,MRF0525,1/1/2022,100,10`S,661208,,16.5,ABBOTT HEALTH CARE-VINTAGE,30041010
PENTIDS 400MG TAB 10'S,MRF0523,1/1/2022,20,10`S,661208,,16.5,ABBOTT HEALTH CARE-VINTAGE,30041010
TUFACNE 20MG CAPS,SCF0003,1/2/2022,19,10'S,27030,,266,ABBOTT HEALTHCARE-DERMA PRIME,30049099
LOFATIN CREAM 30GM,A 9017,1/11/2021,11,30GM,55316,,324.4,ABBOTT HEALTHCARE-DERMA PRIME,30049029
TVAKSH FACE CARE,AVF026,1/8/2022,9,60GM,55394,,268,ABBOTT HEALTHCARE-DERMA PRIME,33049910
TVAKSH FACE GUARD,AUF0012,1/2/2022,10,30GM,55397,,458,ABBOTT HEALTHCARE-DERMA PRIME,33049990
MELAGLOW RICH CREAM,AVF013,1/3/2022,10,20GM,55407,,415,ABBOTT HEALTHCARE-DERMA PRIME,33049990
MELAGLOW RICH CREAM,AVF014,1/3/2022,12,20GM,55407,,415,ABBOTT HEALTHCARE-DERMA PRIME,33049990
TVAKSH FACE GUARD SPF 50 GEL,AUF0044,1/5/2022,8,30GM,55416,,595,ABBOTT HEALTHCARE-DERMA PRIME,33049990
TVAKSH FACE GUARD SPF 50 GEL,AUF0053,1/9/2022,20,30GM,55416,,595,ABBOTT HEALTHCARE-DERMA PRIME,33049990
FOLLIHAIR A TAB,TLF0057,1/8/2021,10,10'S,55424,,232,ABBOTT HEALTHCARE-DERMA PRIME,21069099
TVAKSH FACEGUARD SENSITIVE,AVF0007,1/6/2021,4,50GM,55447,,695,ABBOTT HEALTHCARE-DERMA PRIME,33049910
LOFATIN LOTION 50ML,A01LD,1/7/2021,11,50ML,55451,,300,ABBOTT HEALTHCARE-DERMA PRIME,30049029
LOFATIN CREAM 50 GM,AA 005,1/4/2022,34,50GM,55452,,434.4,ABBOTT HEALTHCARE-DERMA PRIME,30049029
DIPSALIC F OINT 20GM,Y130420,1/3/2022,42,20GM,295001,,138,ABBOTT HEALTHCARE-DERMA PRIME,30049029
DIPSALIC F OINT 20GM,Y150720,1/6/2022,60,20GM,295001,,138,ABBOTT HEALTHCARE-DERMA PRIME,30049029
DIPSALIC F OINT 20GM,Y160720,1/6/2022,60,20GM,295001,,138,ABBOTT HEALTHCARE-DERMA PRIME,30049029
MELAGLOW DAY CREAM,AVE023,1/1/2022,2,15GM,554240,,371,ABBOTT HEALTHCARE-DERMA PRIME,33049910
MELAGLOW DAY CREAM,AVF023,1/1/2022,24,15GM,554240,,371,ABBOTT HEALTHCARE-DERMA PRIME,33049910
ELOCON SOLUTION,B0219,1/10/2021,20,5ML,628008,,128,ABBOTT HEALTHCARE-DERMA PRIME,30049029
ELOCON CREAM (10GM),A270520,1/4/2022,15,10GM,628009,,230,ABBOTT HEALTHCARE-DERMA PRIME,30049029
ELOCON CREAM (10GM),A280520,1/4/2022,36,10GM,628009,,230,ABBOTT HEALTHCARE-DERMA PRIME,30049029
ELOCON OINTMENT(10GM),C240720,1/6/2022,68,10GM,628010,,230,ABBOTT HEALTHCARE-DERMA PRIME,30049029
DIPSALIC F OINT 30GM,Y231020,1/9/2022,115,30GM,628018,,181,ABBOTT HEALTHCARE-DERMA PRIME,30049029
EMOLENE CREAM 100 GM,D390620,1/5/2022,74,100GM,628019,,274,ABBOTT HEALTHCARE-DERMA PRIME,30049029
EMOLENE CREAM 100 GM,D480720,1/6/2022,25,100GM,628019,,274,ABBOTT HEALTHCARE-DERMA PRIME,30049029
ELOCON CREAM (30GM),A340820,1/7/2022,7,30GM,628020,,460,ABBOTT HEALTHCARE-DERMA PRIME,30049029
ELOCON CREAM (30GM),A350820,1/7/2022,24,30GM,628020,,460,ABBOTT HEALTHCARE-DERMA PRIME,30049029
MELAGLOW NEW CREAM,AVF022,1/6/2022,36,15GM,661264,,329,ABBOTT HEALTHCARE-DERMA PRIME,33049990
MELAGLOW NEW CREAM,AVF011,1/2/2022,9,30GM,661266,,615,ABBOTT HEALTHCARE-DERMA PRIME,33049990
MELAGLOW NEW CREAM,AVF024,1/7/2022,24,30GM,661266,,615,ABBOTT HEALTHCARE-DERMA PRIME,33049990
TENORMIN TAB 25MG,TNA0002,1/7/2023,181,14'S,54055,4+1,40.92,ABBOTT TRUE CARE- RESTORA,30049074
TENORMIN 100MG TAB,.TNC9001,1/6/2022,9,14'S,55058,4+1,53.46,ABBOTT TRUE CARE- RESTORA,30049074
TENORMIN 100MG TAB,TNC0001.,1/8/2023,20,14'S,55058,4+1,54.4,ABBOTT TRUE CARE- RESTORA,30049074
TENOCLOR 25 TAB 15'S,TCA0002,1/4/2022,86,15'S,55068,,71.94,ABBOTT TRUE CARE- RESTORA,30049074
TENORMIN 50MG TAB,TNB0004.,1/9/2023,420,14'S,55146,4+1,27.89,ABBOTT TRUE CARE- RESTORA,30049074
ANAFORTAN DROPS,TPF0159,1/10/2021,2,10ML,322001,,47.22,ABBOTT TRUE CARE- RESTORA,30049039
ANAFORTAN DROPS,TPF0203,1/12/2021,14,10ML,322001,,51.94,ABBOTT TRUE CARE- RESTORA,30049039
ANAFORTAN INJ,APF0020,1/2/2022,325,2ML,322002,9+1,24.75,ABBOTT TRUE CARE- RESTORA,30049069
ANAFORTAN  SYP,AFA0017,1/1/2022,53,60ML,322005,,84.09,ABBOTT TRUE CARE- RESTORA,30049069
FIGHTOX 375 TAB (10'S),MRF0156,1/3/2022,12,10'S,322007,5+1,192.45,ABBOTT TRUE CARE- RESTORA,30041030
CEFI 200 MG TAB,ZJF0050,1/5/2022,32,10'S,322020,5+1,107.15,ABBOTT TRUE CARE- RESTORA,30042019
CEFI DT 100 TAB,NEF0008,1/4/2022,4,10'S,322024,5+1,79.4,ABBOTT TRUE CARE- RESTORA,30042019
CEFI DT 100 TAB,NEF0012,1/5/2022,12,10'S,322024,5+1,79.4,ABBOTT TRUE CARE- RESTORA,30042019
CEFI 50 DRY SYP,NEE0045,1/10/2021,10,30ML,322025,5+1,47.45,ABBOTT TRUE CARE- RESTORA,30042019
AZRO 500MG TAB 5'S,ADF0247,1/7/2023,19,5'S,322031,5+1,117.47,ABBOTT TRUE CARE- RESTORA,30042064
AZRO 500MG TAB 5'S,ADF0302,1/9/2023,24,5'S,322031,5+1,117.47,ABBOTT TRUE CARE- RESTORA,30042064
CEFI O 200 MG,HMF0074,1/4/2022,1,10'S,322032,5+1,176.55,ABBOTT TRUE CARE- RESTORA,30042034
CEFI O 200 MG,HMF0096,1/5/2022,18,10'S,322032,5+1,176.55,ABBOTT TRUE CARE- RESTORA,30042034
CEFI O 200 MG,HMF0131,1/6/2022,12,10'S,322032,5+1,194.2,ABBOTT TRUE CARE- RESTORA,30042034
CEFI 50 DT TAB,NEF0009,1/4/2022,14,10`S,322035,5+1,46.53,ABBOTT TRUE CARE- RESTORA,30042019
FIGHTOX DRY SUSPENSION,MRF0238,1/9/2021,36,30ML,322036,5+1,60.48,ABBOTT TRUE CARE- RESTORA,30042019
REZFURAN 100MG TAB,AKF0066,1/8/2022,54,14`S,322037,5+1,145.2,ABBOTT TRUE CARE- RESTORA,30049099
ANASPAS TAB,KRF0089,1/8/2023,17,10'S,323002,,92.49,ABBOTT TRUE CARE- RESTORA,30049069
AZRO 250MG TAB,ADE0161,1/5/2022,32,10'S,323021,5+1,115.68,ABBOTT TRUE CARE- RESTORA,30042064
CEFI XL D 200 MG,KRF0035,1/8/2021,44,10'S,323025,5+1,189.97,ABBOTT TRUE CARE- RESTORA,30042019
FIGHTOX KID TAB,MRF0155,1/3/2022,21,10'S,323026,5+1,115.14,ABBOTT TRUE CARE- RESTORA,30041030
ALLERDEST M TAB,TPF0060,1/1/2022,3,10'S,323027,5+1,96.19,ABBOTT TRUE CARE- RESTORA,30049039
ALLERDEST M TAB,TPF0227,1/7/2022,12,10'S,323027,5+1,96.19,ABBOTT TRUE CARE- RESTORA,30049039
AZRO 100 ORAL SUSP,HMF0075,1/10/2021,18,15ML,323028,5+1,74.38,ABBOTT TRUE CARE- RESTORA,30042064
WYMOX 250 MG CAPS,920-69021R,1/10/2021,121,15'S,530097,,35.81,ABBOTT TRUE CARE- RESTORA,30041030
WYMOX 500 MG CAPS,MVF0023,1/6/2022,43,15'S,530098,11+1,101.97,ABBOTT TRUE CARE- RESTORA,30041030
WYMOX 125 MG SYRUP,2069051R,1/7/2021,83,60ML,530099,9+1,51.13,ABBOTT TRUE CARE- RESTORA,30041030
WYMOX KID TAB,MVF0027,1/1/2022,9,15'S,530100,7+1,90.65,ABBOTT TRUE CARE- RESTORA,30041030
WYMOX DT 250 MG TAB,MVF0013,1/11/2021,12,15'S,530103,7+1,161.04,ABBOTT TRUE CARE- RESTORA,30041030
PANDIFF IV 40MG,AQF0065,1/6/2022,1095,VIAL,662018,2+3,49.69,ABBOTT TRUE CARE- RESTORA,30049039
PANDIFF IV 40MG,AQF0066,1/6/2022,1200,VIAL,662018,2+3,49.69,ABBOTT TRUE CARE- RESTORA,30049039
PANDIFF CAP,PCF0113,1/2/2022,3,10'S,662080,5+1,87.72,ABBOTT TRUE CARE- RESTORA,30049099
PANDIFF CAP,PCF0299,1/4/2022,24,10'S,662080,5+1,87.72,ABBOTT TRUE CARE- RESTORA,30049099
FINECEF 1G INJ,NPE0734,1/11/2021,2465,1GM,662081,9+7,59.07,ABBOTT TRUE CARE- RESTORA,30042019
FINECEF 200 DT,KRE0158,1/10/2021,9,10'S,662120,5+1,175.95,ABBOTT TRUE CARE- RESTORA,30042039
FINECEF 100 DT,KRE0128,1/6/2021,6,10`S,662124,5+1,120.12,ABBOTT TRUE CARE- RESTORA,30042039
FINECEF S 1.5 GM INJ,ZJF0028,1/2/2022,153,1 VIAL,662126,1+2,137.5,ABBOTT TRUE CARE- RESTORA,30042019
FINECEF S 1.5 GM INJ,ZJF0040,1/4/2022,1200,1 VIAL,662126,1+2,137.5,ABBOTT TRUE CARE- RESTORA,30042019
ALINFEC 250 MG INJ,AHF0104,1/5/2022,150,2ML,662127,2+3,38.5,ABBOTT TRUE CARE- RESTORA,30049099
ALINFEC 500 MG INJ,AHF0153,1/8/2022,144,2ML,662128,1+2,83.49,ABBOTT TRUE CARE- RESTORA,30049099
FINECEF CV 200 TAB,TWF0013,1/6/2021,9,10'S,662130,5+1,286.03,ABBOTT TRUE CARE- RESTORA,30042019
TENOCLOR 50(15'S),TCB0001,1/6/2023,111,15'S,665008,4+1,108.85,ABBOTT TRUE CARE- RESTORA,30049074
CEROM 1500MG INJ,INF0006,1/4/2022,152,INJ,665011,1+1,385,ABBOTT TRUE CARE- RESTORA,30042019
CEROM 750 MG INJ,INE0016,1/7/2021,210,VIAL,665014,1+2,203.5,ABBOTT TRUE CARE- RESTORA,30042019
CEROM 250 TAB,HME0139,1/7/2021,7,10'S,665015,11+1,203.19,ABBOTT TRUE CARE- RESTORA,30042099
CEROM  500 TAB,HMF0064,1/3/2022,8,10'S,665016,11+1,393.07,ABBOTT TRUE CARE- RESTORA,30042099
LIVBEST AM TAB,ICF0113,1/11/2021,18,5'S,665045,5+1,88.93,ABBOTT TRUE CARE- RESTORA,30042039
CEROM DRY  SYRUP,INF0001,1/6/2021,12,30ML,665075,11+1,160.85,ABBOTT TRUE CARE- RESTORA,30042019
ANAFORTAN MF TAB,ATF0010,1/4/2022,27,10'S,665090,,76.94,ABBOTT TRUE CARE- RESTORA,30045039
FIGHTOX 625 TAB (10`S),MRF0254,1/4/2022,37,10'S,665136,5+1,164.14,ABBOTT TRUE CARE- RESTORA,30041030
ANAFORTAN TAB (15'S),KRF0093,1/3/2022,12,15'S,665139,,107.85,ABBOTT TRUE CARE- RESTORA,30049069
ANAFORTAN TAB (15'S),KRF0095,1/3/2022,48,15'S,665139,,107.85,ABBOTT TRUE CARE- RESTORA,30049069
DIGENE GEL (MIXED FRUIT FLAVOUR),DXB0005,1/8/2022,31,200ML,46024,9+1,119.73,ABBOTT INDIA-CONSUMER,30049032
DIGENE TAB MINT,210013D7,1/8/2023,335,15'S,46025,9+1,18.15,ABBOTT INDIA-CONSUMER,30049032
DIGENE TAB MINT,210023D7,1/8/2023,600,15'S,46025,9+1,18.15,ABBOTT INDIA-CONSUMER,30049032
DIGENE TAB MIXED FRUIT FLAVOUR,200202D7,1/7/2023,390,15'S,46027,9+1,18.15,ABBOTT INDIA-CONSUMER,30049032
DIGENE GEL MINT 200ML PET,220305D7,1/9/2022,633,200ML,46044,9+1,119.73,ABBOTT INDIA-CONSUMER,30049032
DIGENE GEL MINT 200ML PET,DNB0104,1/9/2022,103,200ML,46044,9+1,119.73,ABBOTT INDIA-CONSUMER,30049032
DIGENE GEL MINT 200ML PET,DNB0106,1/9/2022,137,200ML,46044,9+1,119.73,ABBOTT INDIA-CONSUMER,30049032
CITROSODA SACHET,MBF0121,1/5/2022,1009,4GM,46051,14+1,20.87,ABBOTT INDIA-CONSUMER,30049099
DIGENE ULTRA FIZZ ORANGE POWDER,TAF0149,1/2/2022,1192,1 SACHET,46091,7+1,10,ABBOTT INDIA-CONSUMER,30049011
DIGENE ULTRA FIZZ LEMON POWDER,TAF0077,1/1/2022,1184,1 SACHET,46092,7+1,10,ABBOTT INDIA-CONSUMER,30049011
DIGENE GEL ORANGE 200ML PET,DAB0054,1/8/2022,1,200ML,46098,9+1,119.73,ABBOTT INDIA-CONSUMER,30049032
DIGENE GEL ORANGE 200ML PET,DAB0065,1/9/2022,40,200ML,46098,9+1,119.73,ABBOTT INDIA-CONSUMER,30049032
DIGENE GEL ORANGE 200ML PET,DAB0067,1/9/2022,40,200ML,46098,9+1,119.73,ABBOTT INDIA-CONSUMER,30049032
DIGENE TAB ORANGE,190106D7,1/6/2023,177,15'S,46099,9+1,18.15,ABBOTT INDIA-CONSUMER,30049032
HEPTRAL 400 MG,AKF0036,1/3/2022,10,10'S,46006,,1061.89,ABBOTT INDIA-HEPATIC CARE,30049099
HEPTRAL 400 MG,AKF0050,1/6/2022,40,10'S,46006,,1061.89,ABBOTT INDIA-HEPATIC CARE,30049099
LOLEPT 5 G SACHET,TPF0163,1/10/2021,10,1 SACHET,46041,,220,ABBOTT INDIA-HEPATIC CARE,30049099
CREON SD 30G INHALE,SLF0036,1/10/2021,11,120MD,46042,,3000,ABBOTT INDIA-HEPATIC CARE,30039090
CREON 10000 CAP,CNA0044,1/9/2022,128,15'S,048001,,544.24,ABBOTT INDIA-HEPATIC CARE,30049099
CREON 25000 CAP,CNB0016,1/8/2022,108,10'S,048002,,818.79,ABBOTT INDIA-HEPATIC CARE,30049099
ROWASA SACHET 2GM,AAF0017,1/4/2022,191,1 SACHET,048033,,90,ABBOTT INDIA-HEPATIC CARE,30049039
ROWASA SACHET 1GM,AAF0031,1/7/2022,420,1 SACHET,048034,,53.87,ABBOTT INDIA-HEPATIC CARE,30049039
ROWASA SACHET 500MG,AAF0030,1/7/2022,219,1 SACHET,048036,,26.59,ABBOTT INDIA-HEPATIC CARE,30049039
CREON 40000 CAPS,CNC0006,1/6/2022,19,10'S,048038,,1059.96,ABBOTT INDIA-HEPATIC CARE,30049099
ANTOXIPAN DS 6GM SACHETS,TLF0021,1/6/2021,245,1 SACHET,48064,,35,ABBOTT INDIA-HEPATIC CARE,21069099
ANTOXIPAN FC TAB,TLF0099,1/9/2021,18,15'S,48068,,350,ABBOTT INDIA-HEPATIC CARE,21069099
ANTOXIPAN FC TAB,TLF0100,1/9/2021,30,15'S,48068,,350,ABBOTT INDIA-HEPATIC CARE,21069099
INDERAL LA 20MG 15'S TAB,PCF0422,1/6/2022,90,15'S,27103,,50.42,ABBOTT INDIA-NEUROLIFE,30049099
INDERAL LA 20MG 15'S TAB,PCF0549,1/9/2023,120,15'S,27103,,55.46,ABBOTT INDIA-NEUROLIFE,30049099
INDERAL 40MG TAB 15'S,INB0012,1/7/2023,55,15'S,27104,,46.13,ABBOTT INDIA-NEUROLIFE,30049074
INDERAL 40MG TAB 15'S,INB0014,1/7/2023,280,15'S,27104,,46.13,ABBOTT INDIA-NEUROLIFE,30049074
INDERAL 10MG TAB 15'S,INA0011,1/8/2023,540,15'S,27105,,19.27,ABBOTT INDIA-NEUROLIFE,30049074
INDERAL LA 40MG 15'S TAB,PCF0378,1/6/2022,4,15'S,27106,,46.13,ABBOTT INDIA-NEUROLIFE,30049099
INDERAL LA 40MG 15'S TAB,PCF0381,1/6/2022,120,15'S,27106,,46.13,ABBOTT INDIA-NEUROLIFE,30049099
INDERAL -F 5MG,PCF0002,1/12/2021,27,10`S,27109,,66.39,ABBOTT INDIA-NEUROLIFE,30049079
INDERAL -F 10MG TAB,PCF0060,1/1/2022,57,10`S,27110,,88.7,ABBOTT INDIA-NEUROLIFE,30049079
LACOXA SYRUP,ALF0032,1/11/2021,22,100ML,47137,,209,ABBOTT INDIA-NEUROLIFE,30049099
VERTIN MDS 24MG STRIPS,SIF0003,1/5/2022,187,10*1SACHET,47138,,300,ABBOTT INDIA-NEUROLIFE,30049039
ACUVERT  TAB,AAF0020,1/5/2022,11,9'S,048009,,60.77,ABBOTT INDIA-NEUROLIFE,30042019
VERTIN OD 48 TAB,MPF0042,1/2/2022,10,7'S,048016,,297.2,ABBOTT INDIA-NEUROLIFE,30049039
VERTIN OD 48 TAB,MPF0061,1/4/2022,30,7'S,048016,,297.2,ABBOTT INDIA-NEUROLIFE,30049039
EPTOIN 50 MG TAB,EPA0002,1/8/2023,115,150'S,48017,,124.32,ABBOTT INDIA-NEUROLIFE,30049081
EPTOIN SUS,TPF0248,1/8/2022,18,200ML,48018,,68.46,ABBOTT INDIA-NEUROLIFE,30049081
EPTOIN SUS,TPF0268,1/8/2022,40,200ML,48018,,68.46,ABBOTT INDIA-NEUROLIFE,30049081
EPTOIN INJ,APF0057,1/4/2023,274,2ML,48019,,11.96,ABBOTT INDIA-NEUROLIFE,30049099
EPTOIN ER 300,SDF0043,1/7/2022,82,30'S,48023,,194.44,ABBOTT INDIA-NEUROLIFE,30049081
EPTOIN 100 MG 120'S TAB,EPB0052,1/8/2023,110,120'S,48024,,208.02,ABBOTT INDIA-NEUROLIFE,30049099
EPTOIN 100 MG 120'S TAB,EPB0053,1/8/2023,144,120'S,48024,,208.02,ABBOTT INDIA-NEUROLIFE,30049099
EPTOIN 100 MG 120'S TAB,EPB0054,1/8/2023,144,120'S,48024,,208.02,ABBOTT INDIA-NEUROLIFE,30049099
EPTOIN 100 MG 120'S TAB,EPB0055,1/9/2023,144,120'S,48024,,208.02,ABBOTT INDIA-NEUROLIFE,30049099
LACOXA 50MG TAB,J901937,1/7/2021,20,10`S,48031,,64.94,ABBOTT INDIA-NEUROLIFE,30049082
LACOXA 100 MG,J901935,1/7/2021,29,10S,48032,,114.29,ABBOTT INDIA-NEUROLIFE,30049082
VERTIN OD 24,MPF0128,1/8/2022,8,7'S,048040,,193.89,ABBOTT INDIA-NEUROLIFE,30049039
VERTIN OD 24,MPF0121,1/8/2022,30,7'S,048040,,193.89,ABBOTT INDIA-NEUROLIFE,30049039
VERTIN 24 MG 15'S TAB,RBIC0004,1/6/2023,55,15'S,048056,,351.04,ABBOTT INDIA-NEUROLIFE,30049039
PROTHIADEN 25 TAB,ADF0243,1/7/2023,2,15'S,48060,,121.55,ABBOTT INDIA-NEUROLIFE,30049082
PROTHIADEN 25 TAB,ADF0296,1/8/2023,110,15'S,48060,,133.7,ABBOTT INDIA-NEUROLIFE,30049082
PROTHIADEN 25 TAB,ADF0297,1/8/2023,120,15'S,48060,,133.7,ABBOTT INDIA-NEUROLIFE,30049082
PROTHIADEN 25 TAB,ADF0298,1/8/2023,120,15'S,48060,,133.7,ABBOTT INDIA-NEUROLIFE,30049082
PROTHIADEN 75 TAB 15'S,ADF0245,1/7/2023,100,15'S,48061,,253.33,ABBOTT INDIA-NEUROLIFE,30049082
PROTHIADEN 75 TAB 15'S,ADF0280,1/8/2023,60,15'S,48061,,278.66,ABBOTT INDIA-NEUROLIFE,30049082
PROTHIADEN M 15'S TAB,ADF0098,1/2/2022,32,15'S,48062,,291.34,ABBOTT INDIA-NEUROLIFE,30049082
EPISHIELD CAPS,SSF0051,1/10/2021,16,10S,48063,,130.9,ABBOTT INDIA-NEUROLIFE,30049099
PROTHIADEN M 50 15'S TAB,ADF0168,1/5/2022,61,15'S,48065,,216.51,ABBOTT INDIA-NEUROLIFE,30049082
PROTHIADEN 50 TAB 15'S,ADF0270,1/8/2023,90,15'S,48066,,263.29,ABBOTT INDIA-NEUROLIFE,30049082
SNAPIT TAB,TPF0062,1/7/2021,51,2'S,48067,,95.5,ABBOTT INDIA-NEUROLIFE,30045010
VERTIN 8 MG 15'S,SSF0061,1/5/2023,9,15'S,049053,,132.7,ABBOTT INDIA-NEUROLIFE,30049039
VERTIN 8 MG 15'S,SSF0073,1/6/2023,720,15'S,049053,,132.7,ABBOTT INDIA-NEUROLIFE,30049039
VERTIN 16 MG 15'S TAB,SSF0071,1/6/2023,162,15'S,049054,,244.45,ABBOTT INDIA-NEUROLIFE,30049039
VERTIN 16 MG 15'S TAB,SSF0081,1/7/2023,360,15'S,049054,,244.45,ABBOTT INDIA-NEUROLIFE,30049039
VERTIN 16 MG 15'S TAB,SSF0082,1/7/2023,150,15'S,049054,,244.45,ABBOTT INDIA-NEUROLIFE,30049039
ABOCAL 500MG TAB,ADF0169,1/5/2022,13,15'S,46040,,119.68,ABBOTT INDIA-METABOLICS,30045039
THYROWEL CAPS,SFF0021,1/11/2021,47,10'S,47101,,126.32,ABBOTT INDIA-METABOLICS,30049082
THYROWEL CAPS,SFF0027,1/12/2021,40,10'S,47101,,126.32,ABBOTT INDIA-METABOLICS,30049082
THYRONORM 12.5MCG 120'S TAB,AEF3134,1/8/2022,265,120'S,47140,,180.09,ABBOTT INDIA-METABOLICS,30049082
THYRONORM 12.5MCG 120'S TAB,AEF3170,1/8/2022,160,120'S,47140,,180.09,ABBOTT INDIA-METABOLICS,30049082
THYRONORM 25 MCG 120'S TAB,AEF3336,1/8/2022,170,120'S,47141,,174.72,ABBOTT INDIA-METABOLICS,30049082
THYRONORM 25 MCG 120'S TAB,AEF3737,1/9/2022,240,120'S,47141,,174.72,ABBOTT INDIA-METABOLICS,30049082
THYRONORM 25 MCG 120'S TAB,AEF3738,1/9/2022,240,120'S,47141,,174.72,ABBOTT INDIA-METABOLICS,30049082
THYRONORM 25 MCG 120'S TAB,AEF3740,1/9/2022,240,120'S,47141,,174.72,ABBOTT INDIA-METABOLICS,30049082
THYRONORM 25 MCG 120'S TAB,AEF3752,1/9/2022,120,120'S,47141,,174.72,ABBOTT INDIA-METABOLICS,30049082
THYRONORM 50MCG 120'S TAB,AEF3100,1/8/2022,194,120'S,47142,,131.33,ABBOTT INDIA-METABOLICS,30049082
THYRONORM 50MCG 120'S TAB,AEF3510,1/9/2022,240,120'S,47142,,131.33,ABBOTT INDIA-METABOLICS,30049082
THYRONORM 50MCG 120'S TAB,AEF3511,1/9/2022,480,120'S,47142,,131.33,ABBOTT INDIA-METABOLICS,30049082
THYRONORM 50MCG 120'S TAB,AEF3911,1/9/2022,240,120'S,47142,,131.33,ABBOTT INDIA-METABOLICS,30049082
THYRONORM 50MCG 120'S TAB,AEF3912,1/9/2022,240,120'S,47142,,131.33,ABBOTT INDIA-METABOLICS,30049082
THYRONORM 75MCG 120'S TAB,AEF3384,1/8/2022,320,120'S,47143,,173.37,ABBOTT INDIA-METABOLICS,30049082
THYRONORM 75MCG 120'S TAB,AEF3390,1/8/2022,240,120'S,47143,,173.37,ABBOTT INDIA-METABOLICS,30049082
THYRONORM 75MCG 120'S TAB,AEF3417,1/8/2022,160,120'S,47143,,173.37,ABBOTT INDIA-METABOLICS,30049082
THYRONORM 75MCG 120'S TAB,AEF3418,1/8/2022,120,120'S,47143,,173.37,ABBOTT INDIA-METABOLICS,30049082
THYRONORM 100 MG TAB,AEF3218,1/8/2022,442,120'S,47144,,159.43,ABBOTT INDIA-METABOLICS,30049082
THYRONORM 100 MG TAB,AEF3219,1/8/2022,640,120'S,47144,,159.43,ABBOTT INDIA-METABOLICS,30049082
THYRONORM 88 120'S TAB,AEF3222,1/8/2022,36,120'S,47145,,204.9,ABBOTT INDIA-METABOLICS,30049082
THYRONORM 88 120'S TAB,AEF3468,1/9/2022,40,120'S,47145,,204.9,ABBOTT INDIA-METABOLICS,30049082
THYRONORM 150 MG 120'S TAB,AEF2313,1/6/2022,11,120'S,47146,,206.34,ABBOTT INDIA-METABOLICS,30049082
THYRONORM 150 MG 120'S TAB,AEF2928,1/7/2022,32,120'S,47146,,206.34,ABBOTT INDIA-METABOLICS,30049082
THYRONORM 150 MG 120'S TAB,AEF3675,1/9/2022,80,120'S,47146,,206.34,ABBOTT INDIA-METABOLICS,30049082
COMBINORM TAB,UBF0009,1/9/2021,16,10`S,47147,,302.36,ABBOTT INDIA-METABOLICS,30049099
THYRONORM 125 MG 120'S TAB,AEF3585,1/9/2022,66,120'S,47148,,204.9,ABBOTT INDIA-METABOLICS,30049082
THYRONORM 125 MG 120'S TAB,AEF3588,1/9/2022,80,120'S,47148,,204.9,ABBOTT INDIA-METABOLICS,30049082
THYRONORM 125 MG 120'S TAB,AEF3590,1/9/2022,15,120'S,47148,,204.9,ABBOTT INDIA-METABOLICS,30049082
THYRONORM 125 MG 120'S TAB,AEF3594,1/9/2022,65,120'S,47148,,204.9,ABBOTT INDIA-METABOLICS,30049082
THYRONORM 62.5MG 120'S TAB,AEF2774,1/7/2022,18,120'S,47149,,187.02,ABBOTT INDIA-METABOLICS,30049082
THYRONORM 62.5MG 120'S TAB,AEF3309,1/8/2022,80,120'S,47149,,187.02,ABBOTT INDIA-METABOLICS,30049082
THYRONORM 112MCG 120'S TAB,AEF2333,1/6/2022,4,120'S,47150,,191.3,ABBOTT INDIA-METABOLICS,30049082
THYRONORM 112MCG 120'S TAB,AEF3624,1/9/2022,20,120'S,47150,,191.3,ABBOTT INDIA-METABOLICS,30049082
COMBINORM WASH,AUE0073,1/8/2021,23,100ML,47152,5+1,200,ABBOTT INDIA-METABOLICS,33049990
METHIMERCAZOLE 5MG TAB,MIA0001,1/7/2021,4,30'S,47153,,151.8,ABBOTT INDIA-METABOLICS,30049099
METHIMERCAZOLE 10MG TAB,MIB0001,1/7/2021,1,30'S,47154,,270.6,ABBOTT INDIA-METABOLICS,30049099
THYRONORM 37.5MG TAB 120'S,AEF2694,1/1/2022,152,120'S,47155,,195.03,ABBOTT INDIA-METABOLICS,30049082
THYRONORM 37.5MG TAB 120'S,AEF3031,1/2/2022,11,120'S,47155,,195.03,ABBOTT INDIA-METABOLICS,30049082
THYRONORM 37.5MG TAB 120'S,AEF3030,1/2/2022,69,120'S,47155,,195.03,ABBOTT INDIA-METABOLICS,30049082
NEO-MERCAZOLE 10MG TAB 120'S,SSF0096,1/7/2022,30,120'S,55108,,493.51,ABBOTT INDIA-METABOLICS,30049099
NEO-MERCAZOLE 10MG TAB 120'S,SSF0098,1/7/2022,40,120'S,55108,,493.51,ABBOTT INDIA-METABOLICS,30049099
NEO-MERCAZOLE 10MG TAB 120'S,SSF0104,1/8/2022,40,120'S,55108,,493.51,ABBOTT INDIA-METABOLICS,30049099
NEO-MERCAZOLE 5MG  120'S,SSF0093,1/7/2022,9,120'S,55117,,253.3,ABBOTT INDIA-METABOLICS,30049099
NEO-MERCAZOLE 5MG  120'S,SSF0095,1/7/2022,40,120'S,55117,,253.3,ABBOTT INDIA-METABOLICS,30049099
HYTRIN 1 MG,AMF0117,1/2/2023,11,10'S,56021,,182.18,ABBOTT INDIA-METABOLICS,30049075
HYTRIN 2 MG,AMF0321,1/7/2023,9,10'S,56022,,269.95,ABBOTT INDIA-METABOLICS,30049075
HYTRIN 2 MG,AMF0352,1/8/2023,20,10'S,56022,,296.94,ABBOTT INDIA-METABOLICS,30049075
SURBEX GOLD CAPS,SFF0031,1/1/2022,57,10'S,56024,,136.09,ABBOTT INDIA-METABOLICS,30045020
SURBEX GOLD CAPS,SFF0037,1/2/2022,90,10'S,56024,,136.09,ABBOTT INDIA-METABOLICS,30045020
THYROCAL D3 (30'S)TAB,TPF0125,1/2/2022,40,30'S,56026,,283.89,ABBOTT INDIA-METABOLICS,30049082
ACTRAPID HM PENFILL,KR74G47,1/8/2022,41,5*3ML,47002,,1595,ABBOTT INDIA-MDC (INSULIN DIV),30043110
ACTRAPID HM PENFILL,KR74S82,1/9/2022,20,5*3ML,47002,,1595,ABBOTT INDIA-MDC (INSULIN DIV),30043110
ACTRAPID HM PENFILL,KR74H34,1/10/2022,20,5*3ML,47002,,1595,ABBOTT INDIA-MDC (INSULIN DIV),30043110
HUMAN INSULATARD 40,B-80112,1/10/2022,41,VIAL,47036,,157.57,ABBOTT INDIA-MDC (INSULIN DIV),30043110
HUMAN INSULATARD 40,B-80113,1/11/2022,120,VIAL,47036,,157.57,ABBOTT INDIA-MDC (INSULIN DIV),30043110
HUMAN MIXTARD 40IU,B-52019,1/11/2022,517,VIAL,47037,,157.57,ABBOTT INDIA-MDC (INSULIN DIV),30043110
HUMAN MIXTARD 40IU,B-52026,1/11/2022,1200,VIAL,47037,,157.57,ABBOTT INDIA-MDC (INSULIN DIV),30043110
HUMAN MIXTARD 40IU,B-52043,1/11/2022,1200,VIAL,47037,,157.57,ABBOTT INDIA-MDC (INSULIN DIV),30043110
HUMAN MIXTARD 40IU,B-52049,1/12/2022,600,VIAL,47037,,157.57,ABBOTT INDIA-MDC (INSULIN DIV),30043110
NOVORAPID 100 IU (10 ML),KS6BM71,1/9/2022,10,10ML,47038,,2110,ABBOTT INDIA-MDC (INSULIN DIV),30043110
HUMAN ACTRAPID 40.,B-70544,1/12/2022,204,VIAL,47039,,157.57,ABBOTT INDIA-MDC (INSULIN DIV),30043110
HUMAN ACTRAPID 40.,B-70545,1/12/2022,480,VIAL,47039,,157.57,ABBOTT INDIA-MDC (INSULIN DIV),30043110
HUMAN ACTRAPID 40.,B-70548,1/1/2023,240,VIAL,47039,,157.57,ABBOTT INDIA-MDC (INSULIN DIV),30043110
NOVOMIX 50 FLEXPEN,KP52422,1/3/2022,109,3ML,47041,,900,ABBOTT INDIA-MDC (INSULIN DIV),30043110
HUMAN MIXTARD  100 I.U,KT6Y096,1/10/2022,94,10ML,47043,,410,ABBOTT INDIA-MDC (INSULIN DIV),30043110
HUMAN MIXTARD  100 I.U,KT6Y920,1/10/2022,20,10ML,47043,,410,ABBOTT INDIA-MDC (INSULIN DIV),30043110
HUMAN MIXTARD 50,B-90186,1/11/2022,172,10ML,47044,,199.65,ABBOTT INDIA-MDC (INSULIN DIV),30043110
HUMAN MIXTARD 50,B-90187,1/11/2022,120,10ML,47044,,199.65,ABBOTT INDIA-MDC (INSULIN DIV),30043110
HUMAN MIXTARD 50,B-90188,1/11/2022,120,10ML,47044,,199.65,ABBOTT INDIA-MDC (INSULIN DIV),30043110
FIASP 100U 10ML,JS69D93,1/9/2021,10,VIAL,47045,,1837.5,ABBOTT INDIA-MDC (INSULIN DIV),30043110
FIASP FLEXTOUCH 100U,JP53048,1/9/2021,38,3ML,47046,,756,ABBOTT INDIA-MDC (INSULIN DIV),30043110
FIASP PENFILL 100U,JS69M56,1/10/2021,36,5*3ML,47047,,3060.75,ABBOTT INDIA-MDC (INSULIN DIV),30043110
INSULATARD HM PENFILL,KR74G08,1/8/2022,15,5*3ML,47057,,1595,ABBOTT INDIA-MDC (INSULIN DIV),30043110
MIXTARD 30 HM PENFILL.,KR74K07,1/8/2022,63,5*3ML,47069,,1595,ABBOTT INDIA-MDC (INSULIN DIV),30043110
MIXTARD 30 HM PENFILL.,KR74P07,1/10/2022,100,5*3ML,47069,,1595,ABBOTT INDIA-MDC (INSULIN DIV),30043110
MIXTARD 30 HM PENFILL.,KR74V19,1/11/2022,100,5*3ML,47069,,1595,ABBOTT INDIA-MDC (INSULIN DIV),30043110
MIXTARD 50 HM PENFILL,KS6BY28,1/11/2022,34,5*3ML,47070,,1595,ABBOTT INDIA-MDC (INSULIN DIV),30043110
MIXTARD 50 HM PENFILL,KS6BY29,1/11/2022,30,5*3ML,47070,,1595,ABBOTT INDIA-MDC (INSULIN DIV),30043110
NOVONORM 1 MG,06001114,1/11/2024,13,2*15'S,47079,,400,ABBOTT INDIA-MDC (INSULIN DIV),30049099
NOVONORM 2 MG,06907462B,1/10/2024,6,2*15'S,47080,,600,ABBOTT INDIA-MDC (INSULIN DIV),30049099
NOVONORM 2 MG,06001118B,1/12/2024,10,2*15'S,47080,,600,ABBOTT INDIA-MDC (INSULIN DIV),30049099
NOVONORM 0.5MG TAB,06907446C,1/10/2024,10,2*15'S,47081,,240,ABBOTT INDIA-MDC (INSULIN DIV),30049099
NOVONORM 0.5MG TAB,06907446G,1/10/2024,10,2*15'S,47081,,240,ABBOTT INDIA-MDC (INSULIN DIV),30049099
NOVOFINE NEEDLE,19L16X,1/10/2024,71,100,47083,,1510,ABBOTT INDIA-MDC (INSULIN DIV),90183290
NOVOMIX 30 FLEXPENS,KR74S23,1/5/2022,123,3ML,47084,,870,ABBOTT INDIA-MDC (INSULIN DIV),30043110
NOVORAPID FLEXPENS,KR73M13,1/7/2022,72,3ML,47085,,870,ABBOTT INDIA-MDC (INSULIN DIV),30043110
NOVORAPID PENFILL,KR74F88,1/10/2022,59,5*3ML,47106,,3520,ABBOTT INDIA-MDC (INSULIN DIV),30043110
NOVOMIX 30 PENFILL.,KR74H10,1/4/2022,51,5*3ML,47107,,3520,ABBOTT INDIA-MDC (INSULIN DIV),30043110
NOVOMIX 30 PENFILL.,KR74K04,1/4/2022,80,5*3ML,47107,,3520,ABBOTT INDIA-MDC (INSULIN DIV),30043110
ACTRAPID FLEXPENS,KR74E42,1/8/2022,43,3ML,47121,,518,ABBOTT INDIA-MDC (INSULIN DIV),30043110
ACTRAPID FLEXPENS,KR74N81,1/9/2022,80,3ML,47121,,518,ABBOTT INDIA-MDC (INSULIN DIV),30043110
INSULATARD FLEXPENS,KR73X05,1/8/2022,19,3ML,47122,,518,ABBOTT INDIA-MDC (INSULIN DIV),30043110
INSULATARD FLEXPENS,KR74E39,1/8/2022,20,3ML,47122,,518,ABBOTT INDIA-MDC (INSULIN DIV),30043110
MIXTARD 30 FLEXPEN,KR74S86,1/6/2022,41,3ML,47123,,518,ABBOTT INDIA-MDC (INSULIN DIV),30043110
MIXTARD 30 FLEXPEN,KR74H05,1/10/2022,75,3ML,47123,,518,ABBOTT INDIA-MDC (INSULIN DIV),30043110
MIXTARD 30 FLEXPEN,KR74P66,1/10/2022,105,3ML,47123,,518,ABBOTT INDIA-MDC (INSULIN DIV),30043110
NOVOPEN 4,KVGY923-1,1/3/2025,14,1'S,47125,,1499,ABBOTT INDIA-MDC (INSULIN DIV),90183990
NOVOPEN 4,KVGOF39-1,1/4/2025,20,1'S,47125,,1499,ABBOTT INDIA-MDC (INSULIN DIV),90183990
RYZODEG FLEXTOUCH,KP51943,1/7/2022,31,3ML,47129,,1320,ABBOTT INDIA-MDC (INSULIN DIV),30043110
RYZODEG FLEXTOUCH,KP52978,1/7/2022,20,3ML,47129,,1320,ABBOTT INDIA-MDC (INSULIN DIV),30043110
NOVOMIX 50 PENFILL,KS6BW86,1/5/2022,37,5*3ML,47133,,3650,ABBOTT INDIA-MDC (INSULIN DIV),30043110
RYZODEG PENFIL,KS6AW09,1/6/2022,7,5*3ML,47134,,5120,ABBOTT INDIA-MDC (INSULIN DIV),30043110
RYZODEG PENFIL,KS6AX03,1/6/2022,20,5*3ML,47134,,5120,ABBOTT INDIA-MDC (INSULIN DIV),30043110
RYZODEG PENFIL,KS6BB37,1/7/2022,20,5*3ML,47134,,5120,ABBOTT INDIA-MDC (INSULIN DIV),30043110
CREMA GEL,AVF0065,1/8/2022,112,30GM,46017,,173.53,ABBOTT INDIA-GASTRO,30049079
CREMADIET+POWDER,TAF0091,1/1/2022,2,100GM,46018,,168.5,ABBOTT INDIA-GASTRO,30049039
CREMADIET+POWDER,TAF0135,1/2/2022,60,100GM,46018,,168.5,ABBOTT INDIA-GASTRO,30049039
CREMALAX TAB 15'S,ADF0252,1/2/2023,243,15'S,46020,,138.69,ABBOTT INDIA-GASTRO,30045039
CREMADIET DUO 150 GM,TPF0172,1/11/2022,10,150GM,46021,,385,ABBOTT INDIA-GASTRO,30049039
CREMADIET DUO 150 GM,TPF0236,1/1/2023,20,150GM,46021,,423.5,ABBOTT INDIA-GASTRO,30049039
CREMADIET POWDER 300 GM,TPF0243,1/7/2022,10,300GM,46022,,258.72,ABBOTT INDIA-GASTRO,30049039
CREMADIET POWDER 300 GM,TPF0279,1/9/2022,38,300GM,46022,,258.72,ABBOTT INDIA-GASTRO,30049039
CREMADIET POWDER 140 GM,TPF0193,1/5/2022,33,140GM,46023,,120.73,ABBOTT INDIA-GASTRO,30049039
DIGERAFT SUSP,NXF0005,1/1/2022,63,150ML,46028,,150,ABBOTT INDIA-GASTRO,30049099
GANATON OD CAPS,IAF0016,1/5/2022,22,10'S,46029,,379.15,ABBOTT INDIA-GASTRO,30043190
GANATON 50 MG TAB,SSF0033,1/3/2022,98,10'S,46030,,125.78,ABBOTT INDIA-GASTRO,30049099
GANATON 50 MG TAB,SSF0080,1/7/2022,60,10'S,46030,,138.35,ABBOTT INDIA-GASTRO,30049099
"ELDICET TAB 10""S",DBDA0005,1/6/2023,67,10`S,46031,,283.81,ABBOTT INDIA-GASTRO,30049039
CREMA GEL - H CREAM,AVF0036,1/10/2021,25,20GM,46033,,126.5,ABBOTT INDIA-GASTRO,30049022
CREMA GEL - H CREAM,AVF0049,1/12/2021,20,20GM,46033,,126.5,ABBOTT INDIA-GASTRO,30049022
GUT-RENEW CAPS,UBF0003,1/7/2021,30,10`S,46048,,351.94,ABBOTT INDIA-GASTRO,30049099
PANKREOFLAT LIQUID,SLF0050,1/10/2021,40,100ML,46054,4+1,167,ABBOTT INDIA-GASTRO,21069099
CREMAFFIN PLUS SYP (225ML),220557D7,1/9/2023,43,225ML,46055,,223.75,ABBOTT INDIA-GASTRO,30049032
CREMAFFIN PLUS SYP (225ML),220563D7,1/9/2023,240,225ML,46055,,223.75,ABBOTT INDIA-GASTRO,30049032
CREMAFFIN PLUS SYP (225ML),230553D7,1/10/2023,360,225ML,46055,,223.75,ABBOTT INDIA-GASTRO,30049032
CREMAFFIN SYP (225ML),220501D7,1/9/2023,4,225ML,46056,,191.84,ABBOTT INDIA-GASTRO,30049032
CREMAFFIN SYP (225ML),220504D7,1/9/2023,120,225ML,46056,,211.02,ABBOTT INDIA-GASTRO,30049032
CREMAFFIN SYP (225ML),230502D7,1/10/2023,480,225ML,46056,,211.02,ABBOTT INDIA-GASTRO,30049032
CREMAFFIN MIXED FRUIT 225ML,210608D7,1/8/2023,62,225ML,46057,,191.84,ABBOTT INDIA-GASTRO,30049032
CREMAFFIN MIXED FRUIT 225ML,220603D7,1/9/2023,240,225ML,46057,,211.02,ABBOTT INDIA-GASTRO,30049032
CREMAFFIN MIXED FRUIT 225ML,220608D7,1/9/2023,240,225ML,46057,,211.02,ABBOTT INDIA-GASTRO,30049032
CREMAFFIN MIXED FRUIT 450ML,CFD0005,1/8/2023,54,450ML,46061,,254.1,ABBOTT INDIA-GASTRO,30049032
GANATON TOTAL TAB,IAF0020,1/6/2022,161,10'S,46087,,384.6,ABBOTT INDIA-GASTRO,30043190
UDISYP 200ML,US-1921,1/8/2021,38,200ML,048063,9+1,160,ABBOTT INDIA-GASTRO,30049011
NEO-MERCAZOLE 20MG 120'S,NZC0008,1/8/2022,13,120'S,55112,,1403.92,ABBOTT INDIA-GASTRO,30049099
LIBRAX TAB 20'S,LXA0022,1/9/2023,132,20'S,55430,,138.35,ABBOTT INDIA-GASTRO,30049079
LIBRAX TAB 20'S,LXA0023,1/9/2023,40,20'S,55430,,138.35,ABBOTT INDIA-GASTRO,30049079
PANKREOFLAT TAB 15'S,HBEA0081,1/8/2022,58,15'S,55431,,203.54,ABBOTT INDIA-GASTRO,30049084
PANKREOFLAT TAB 15'S,HBEA0085,1/8/2022,40,15'S,55431,,203.54,ABBOTT INDIA-GASTRO,30049084
PANKREOFLAT TAB 15'S,SBEA0036,1/8/2022,40,15'S,55431,,203.54,ABBOTT INDIA-GASTRO,30049084
LEVEMIR FLEXPENS,KR74J84,1/10/2022,38,3ML,47086,,1318,ABBOTT INDIA-ADC (INSULIN DIV),30043110
LEVEMIR FLEXPENS,KR74J85,1/10/2022,20,3ML,47086,,1318,ABBOTT INDIA-ADC (INSULIN DIV),30043110
VICTOZA LIRAGLUTID,KS6AY31,1/6/2022,20,3ML,47124,,5324,ABBOTT INDIA-ADC (INSULIN DIV),30043190
TRESIBA FLEXTOUCH,KP51863,1/5/2022,28,3ML,47128,,1942,ABBOTT INDIA-ADC (INSULIN DIV),30043110
TRESIBA PENFILL,KS6BK37,1/5/2022,1,5*3ML,47135,,7200,ABBOTT INDIA-ADC (INSULIN DIV),30043110
TRESIBA PENFILL,KS6BR54,1/9/2022,20,5*3ML,47135,,7200,ABBOTT INDIA-ADC (INSULIN DIV),30043110
XULTOPHY 100 IU,KP51091,1/10/2021,25,3ML,47136,,4740,ABBOTT INDIA-ADC (INSULIN DIV),30043190
DUPHASTON 10 MG  TAB,KAVA0053,1/4/2023,544,10'S,048006,,672.51,ABBOTT INDIA-SOLVAY PHARMA 1,30043919
DUPHASTON 10 MG  TAB,KAVA0050,1/4/2023,5,10'S,048006,,672.51,ABBOTT INDIA-SOLVAY PHARMA 1,30043919
DUPHASTON PRO 10MG TAB,KAVB0001,1/8/2023,315,4'S,048021,,274.32,ABBOTT INDIA-SOLVAY PHARMA 1,30043919
CLOME 100MG TAB,DAKC0001,1/5/2023,16,10'S,048023,,136.3,ABBOTT INDIA-SOLVAY PHARMA 1,30049039
CLOME 25MG TAB,DAKA0002,1/4/2023,33,10'S,048024,,81.03,ABBOTT INDIA-SOLVAY PHARMA 1,30049039
DUPHALAC ENEMA,130451D7,1/12/2021,21,300ML,048043,,337.05,ABBOTT INDIA-SOLVAY PHARMA 1,30049039
DUPHALAC FIBER 200ML,TPF0263,1/8/2022,12,200ML,048045,,228.9,ABBOTT INDIA-SOLVAY PHARMA 1,30049039
ESTRABET 1MG TAB,STE0067,1/10/2021,20,28'S,048049,,245.52,ABBOTT INDIA-SOLVAY PHARMA 1,30043919
ESTRABET 2MG TAB,STF0010,1/2/2022,32,28'S,048050,,452.99,ABBOTT INDIA-SOLVAY PHARMA 1,30043919
PRO-9 INJECTION,AFE0042,1/10/2021,14,2ML,048053,,266.07,ABBOTT INDIA-SOLVAY PHARMA 1,30043990
ARACHITOL-O TAB 10'S,TPF0191,1/11/2021,8,10`S,048060,,95.13,ABBOTT INDIA-SOLVAY PHARMA 1,30045039
CLOME 50MG TAB 10'S,DAKB0001,1/12/2022,8,10`S,048061,,91.27,ABBOTT INDIA-SOLVAY PHARMA 1,30049039
SOLFE TAB 15'S,TPF0171,1/4/2022,22,15'S,048064,,204.54,ABBOTT INDIA-SOLVAY PHARMA 1,30045010
ESTRABET GEL 80GM,AFE0006,1/7/2021,10,80 GMS,48073,,798.6,ABBOTT INDIA-SOLVAY PHARMA 1,30043919
CYSTOFERT TAB,TLF0013,1/6/2021,6,10`S,48074,,395,ABBOTT INDIA-SOLVAY PHARMA 1,21069099
DUPHALAC CHEWS 3.335G,SLG20014,1/9/2021,4,30'S,48076,,270,ABBOTT INDIA-SOLVAY PHARMA 1,30049039
DUPHALAC CHEWS 3.335G,SLG20020,1/9/2021,12,30'S,48076,,270,ABBOTT INDIA-SOLVAY PHARMA 1,30049039
DUPHALAC CHEWS 3.335G,SLG20014.,1/9/2021,8,30'S,48076,,270,ABBOTT INDIA-SOLVAY PHARMA 1,30049039
FEMILON TAB,T007518,1/12/2022,217,21'S,610107,,250,ABBOTT INDIA-SOLVAY PHARMA 1,30066010
NOVELON TAB,T005324,1/12/2022,142,21'S,610273,,218,ABBOTT INDIA-SOLVAY PHARMA 1,30066010
DEZOFLAV TAB,TPF0139,1/9/2021,167,10`S,46032,,220,ABBOTT INDIA-GI PRIMA,30049099
PEP IBS CAPS,SCF0004,1/1/2022,6,10`S,46069,,100,ABBOTT INDIA-GI PRIMA,33012400
DUPHALAC SYP 450ML(LEMON),221101D7,1/9/2022,72,450ML,48005,,515.02,ABBOTT INDIA-GI PRIMA,30049039
DUPHALAC SYP 450ML(LEMON),231109D7,1/10/2022,120,450ML,48005,,515.02,ABBOTT INDIA-GI PRIMA,30049039
COLOSPA RETARD CAP 15'S,CRA0006,1/10/2022,34,15'S,048029,,383.69,ABBOTT INDIA-GI PRIMA,30049099
COLOSPA RETARD CAP 15'S,CRA0007,1/10/2022,60,15'S,048029,,383.69,ABBOTT INDIA-GI PRIMA,30049099
UDILIV 600 MG TAB,160961D7,1/9/2022,24,10'S,048039,,574.46,ABBOTT INDIA-GI PRIMA,30049036
DUPHALAC SYRUP 150ML(LEMON),221114D7,1/9/2022,187,150ML,048051,,171.67,ABBOTT INDIA-GI PRIMA,30049039
DUPHALAC SYRUP 150ML(LEMON),221116D7,1/9/2022,400,150ML,048051,,171.67,ABBOTT INDIA-GI PRIMA,30049039
DUPHALAC SYRUP 150ML(LEMON),221119D7,1/9/2022,200,150ML,048051,,171.67,ABBOTT INDIA-GI PRIMA,30049039
DUPHALAC SYRUP 250ML(LEMON),201116D7,1/7/2022,39,250ML,48052,,286.12,ABBOTT INDIA-GI PRIMA,30049039
DUPHALAC SYRUP 250ML(LEMON),221108D7,1/9/2022,80,250ML,48052,,286.12,ABBOTT INDIA-GI PRIMA,30049039
DUPHALAC SYRUP 250ML(LEMON),221111D7,1/9/2022,120,250ML,48052,,286.12,ABBOTT INDIA-GI PRIMA,30049039
COLOSPA X TAB,MPF0081,1/5/2022,6,15'S,048054,,277.38,ABBOTT INDIA-GI PRIMA,30045090
COLOSPA X TAB,MPF0093,1/6/2022,40,15'S,048054,,277.38,ABBOTT INDIA-GI PRIMA,30045090
DUPHALAC BULK SOUTION(LEMON FLAVOUR),TLF0083,1/8/2021,38,160ML,48054,,370,ABBOTT INDIA-GI PRIMA,21069099
UDILIV 300MG TAB 15'S,220931D7,1/12/2022,120,15'S,048055,,573.72,ABBOTT INDIA-GI PRIMA,30049036
UDILIV 300MG TAB 15'S,210934D7,1/1/2023,63,15'S,048055,,573.72,ABBOTT INDIA-GI PRIMA,30049036
UDILIV 300MG TAB 15'S,220927D7,1/4/2023,120,15'S,048055,,573.72,ABBOTT INDIA-GI PRIMA,30049036
UDILIV 150MG TAB 15'S,220941D7,1/12/2022,184,15'S,048057,,327.27,ABBOTT INDIA-GI PRIMA,30049036
UDILIV 450MG TAB 10'S,UDD0001,1/9/2021,16,10'S,048058,,447.5,ABBOTT INDIA-GI PRIMA,30049036
COLOSPA TAB 135MG 15'S,SAMA0013,1/4/2023,23,15'S,048062,,269.4,ABBOTT INDIA-GI PRIMA,30049099
DUPHAPRO 2MG FC TAB,HTE0187,1/7/2021,14,10`S,48070,,269.38,ABBOTT INDIA-GI PRIMA,30049099
FIDONAL CREAM 30GM,A04 FP,1/3/2022,38,30GM,48071,,300,ABBOTT INDIA-GI PRIMA,30049072
BRUFEN 200 TAB,BFA9017,1/11/2022,163,15'S,46001,,6.19,ABBOTT INDIA-GENERAL CARE,30049063
BRUFEN 400 TAB,200814D7,1/7/2023,230,15'S,46002,,11.59,ABBOTT INDIA-GENERAL CARE,30049063
BRUFEN 400 TAB,200821D7,1/7/2023,900,15'S,46002,,11.59,ABBOTT INDIA-GENERAL CARE,30049063
BRUFEN 600 TAB,HBKC9101,1/9/2022,11,15'S,46003,,23.94,ABBOTT INDIA-GENERAL CARE,30049063
BRUFEN 600 TAB,200851D7,1/7/2023,51,15'S,46003,,26.33,ABBOTT INDIA-GENERAL CARE,30049063
BRUFEN 600 TAB,210855D7,1/8/2023,600,15'S,46003,,26.33,ABBOTT INDIA-GENERAL CARE,30049063
DIGECAINE GEL(FRUIT PUNCH FLV),ZBMA0005,1/1/2022,64,200ML,46026,,161.48,ABBOTT INDIA-GENERAL CARE,30049032
DIRIFA 400MG TAB,U902251,1/9/2022,2,10`S,46035,,285.87,ABBOTT INDIA-GENERAL CARE,30049087
DIRIFA 400MG TAB,U000275,1/12/2022,5,10`S,46035,,314.45,ABBOTT INDIA-GENERAL CARE,30049087
DIRIFA 400MG TAB,U001105,1/3/2023,10,10`S,46035,,314.45,ABBOTT INDIA-GENERAL CARE,30049087
BENEGUT SOLUTION,VBF0059,1/1/2022,47,12*5ML,46047,5+1,399,ABBOTT INDIA-GENERAL CARE,30029030
NEFOSAR TAB 30MG,NHT0001,1/7/2021,52,10`S,46068,,82.5,ABBOTT INDIA-GENERAL CARE,30049069
BRUGEL ACTIFAST GEL,AVF0042,1/4/2022,14,30GM,46093,,143.86,ABBOTT INDIA-GENERAL CARE,30049069
BRUGEL ACTIFAST GEL,AVF0053,1/6/2022,20,30GM,46093,,143.86,ABBOTT INDIA-GENERAL CARE,30049069
BRUGEL ACTIFAST GEL,AVF0054,1/6/2022,240,30GM,46093,,143.86,ABBOTT INDIA-GENERAL CARE,30049069
ARACHITOL INJ 3L,PCF0160,1/12/2022,11,6X1ML,048018,,241.02,ABBOTT INDIA-GENERAL CARE,30045036
ARACHITOL INJ 6L,PCF0159,1/12/2022,59,6X1ML,048019,,337.08,ABBOTT INDIA-GENERAL CARE,30045036
ARACHITOL INJ 6L,PCF0212,1/12/2022,60,6X1ML,048019,,337.08,ABBOTT INDIA-GENERAL CARE,30045036
DUVADILAN INJ,PCF0059,1/1/2023,3,6*2 ML,048030,,148.5,ABBOTT INDIA-GENERAL CARE,30049074
DUVADILAN RETARD CAP,DAZB0042,1/6/2023,54,10'S,048031,,129.51,ABBOTT INDIA-GENERAL CARE,30049074
DUVADILAN 10MG TAB,DAZA0012,1/5/2023,14,50'S,048032,,151.66,ABBOTT INDIA-GENERAL CARE,30049074
DUVADILAN 10MG TAB,DAZA0015,1/6/2023,20,50'S,048032,,151.66,ABBOTT INDIA-GENERAL CARE,30049074
ZOLFRESH 10 MG,ADF0289,1/8/2023,317,15'S,48042,,141.33,ABBOTT INDIA-GENERAL CARE,30049082
ZOLFRESH 10 MG,ADF0291,1/8/2023,120,15'S,48042,,141.33,ABBOTT INDIA-GENERAL CARE,30049082
ZOLFRESH 10 MG,ADF0293,1/8/2023,240,15'S,48042,,141.33,ABBOTT INDIA-GENERAL CARE,30049082
ARACHITOL NANO SF 60K IU LIQ,PPF036,1/9/2022,3,4*5ML,048047,,315.16,ABBOTT INDIA-GENERAL CARE,30045036
ARACHITOL NANO SF 60K IU LIQ,PPF037,1/9/2022,150,4*5ML,048047,,315.16,ABBOTT INDIA-GENERAL CARE,30045036
ARACHITOL 400IU KIDS DROPS,PPF013,1/10/2021,120,15ML,048048,,132,ABBOTT INDIA-GENERAL CARE,30045036
ZOLFRESH 5MG 15'S,ADF0255,1/8/2023,21,15'S,48059,,89.99,ABBOTT INDIA-GENERAL CARE,30049082
ZOLFRESH 5MG 15'S,ADF0285,1/8/2023,360,15'S,48059,,89.99,ABBOTT INDIA-GENERAL CARE,30049082
ZOLFRESH 5MG 15'S,ADF0286,1/8/2023,120,15'S,48059,,89.99,ABBOTT INDIA-GENERAL CARE,30049082
ARACHITOL NANO DAILY 2K IU,PPF030,1/2/2022,30,150ML,048065,,360,ABBOTT INDIA-GENERAL CARE,30045036
DUPHALAC BEARS 1.668G,SLG20006,1/8/2021,4,30'S,48075,,249,ABBOTT INDIA-GENERAL CARE,30049039
DUPHALAC BEARS 1.668G,SLG20010,1/8/2021,20,30'S,48075,,249,ABBOTT INDIA-GENERAL CARE,30049039
DOXSTEM 20 MG TAB,PCF0355,1/11/2021,26,15'S,55371,,172,ABBOTT INDIA-GENERAL CARE,30049099
DOXSTEM TAB,AKF0024,1/1/2022,17,30'S,55383,,171.6,ABBOTT INDIA-GENERAL CARE,30049099
LEVOGASTROL-OD,1908001574,1/11/2021,10,10'S,115001,,197,ALEMBIC-ENTERON,30042064
ETRIK 120MG TAB,2008000877,1/5/2022,10,10'S,115093,,176.45,ALEMBIC-ENTERON,30049099
ETRIK 60MG TAB,2008000369,1/2/2022,7,10'S,115094,,110.25,ALEMBIC-ENTERON,30049099
ETRIK 60MG TAB,2008000930,1/5/2022,25,10'S,115094,,110.25,ALEMBIC-ENTERON,30049099
ETRIK 90MG TAB,2008001025,1/6/2022,23,10'S,115095,,143.35,ALEMBIC-ENTERON,30049099
LEVOGASTROL 25 MG TAB,2008001018,1/6/2022,33,10'S,115229,,103.8,ALEMBIC-ENTERON,30049099
REKOOL 40-D CAP,CT0503001,1/4/2022,19,10'S,115341,,181,ALEMBIC-ENTERON,30049039
REKOOL D CAPS (15S),2008001211,1/8/2022,82,15'S,115344,,240.6,ALEMBIC-ENTERON,30049099
REKOOL D CAPS (15S),2008001281,1/9/2022,60,15'S,115344,,240.6,ALEMBIC-ENTERON,30049099
REKOOL 10 MG TA,2008001308,1/3/2022,8,15'S,115346,,103.4,ALEMBIC-ENTERON,30049099
REKOOL 20 MG,2008001152,1/2/2022,65,15'S,115347,,148.3,ALEMBIC-ENTERON,30049099
ULGEL SYP (CARDMOM),2008001153,1/8/2023,70,200ML,115391,10+1,120.45,ALEMBIC-ENTERON,30049099
ULGEL A LIQUID 200ML,2008001223,1/8/2023,84,200ML,115393,,154,ALEMBIC-ENTERON,30049099
ULGEL A LIQUID 200ML,2008001307,1/9/2023,45,200ML,115393,,154,ALEMBIC-ENTERON,30049099
ULGEL SAUNF SUSP,EH0795010,1/8/2023,4,200ML,115395,,120.2,ALEMBIC-ENTERON,30049099
ULGEL SAUNF SUSP,2008001235,1/8/2023,63,200ML,115395,,120.2,ALEMBIC-ENTERON,30049099
ULGEL SAUNF SUSP,2008001353,1/9/2023,45,200ML,115395,,120.2,ALEMBIC-ENTERON,30049099
ETRIK P TABS,2008001007,1/6/2022,28,10'S,115508,,117.7,ALEMBIC-ENTERON,30049099
ETRIK P TABS,2008001008,1/6/2022,40,10'S,115508,,117.7,ALEMBIC-ENTERON,30049099
REKOOL - L TAB,2008001215,1/8/2022,48,10'S,115532,,271.65,ALEMBIC-ENTERON,30049034
ETRIK MR TAB,2008001076,1/7/2022,15,10'S,115543,,246.8,ALEMBIC-ENTERON,30049099
REKOOL-L 25MG TAB,CT0651002,1/4/2022,13,15'S,115566,,291.5,ALEMBIC-ENTERON,30049039
REKOOL IT CAPS 15'S,DG0640002,1/4/2022,5,15'S,115569,,378,ALEMBIC-ENTERON,30049039
REKOOL IT CAPS 15'S,DG0640003,1/7/2022,10,15'S,115569,,378,ALEMBIC-ENTERON,30049039
REKOOL 40MG TAB 15'S,2008000722,1/10/2021,11,15'S,115575,,226.3,ALEMBIC-ENTERON,30049099
MIFENTI  CAPS,25190010,1/8/2021,19,1 STP,113037,,155.5,ALEMBIC-ALCARE,30049029
HERMIN FORTE CAPS,BL0F048003,1/5/2022,22,10'S,113045,,99.75,ALEMBIC-ALCARE,30045090
HERMIN INJ,EK0734013,1/3/2022,1,200ML,113046,4+1,609.3,ALEMBIC-ALCARE,30031000
HERMIN INJ,EK0734026,1/6/2022,27,200ML,113046,4+1,609.3,ALEMBIC-ALCARE,30031000
PROTINULES CHOCOLATE,BO0356032,1/1/2022,29,200GM,113048,9+1,413,ALEMBIC-ALCARE,21061000
HERMIN ORAL 5GM,BP0539006,1/9/2021,2,5 GM,113052,,55,ALEMBIC-ALCARE,30045010
HERMIN ORAL 5GM,BP0539009,1/2/2022,25,5 GM,113052,,55,ALEMBIC-ALCARE,30045010
CLOSTOP SRX TAB,DG0709004.,1/4/2022,23,10'S,113090,,299.75,ALEMBIC-ALCARE,30049069
OVICAB TAB,BO0779001,1/7/2021,24,10`S,113094,,190,ALEMBIC-ALCARE,21069099
MIRUMIGEST TAB,EY0749001.,1/12/2021,20,10`S,113118,10+1,598,ALEMBIC-ALCARE,30043919
RICHAR CR 100MG TAB,BP0605009,1/7/2022,73,10`S,113119,10+1,165.4,ALEMBIC-ALCARE,30045010
DAMOXY TAB 30'S,DY9791003,1/7/2021,7,30'S,115392,,156.55,ALEMBIC-ALCARE,3004
DAMOXY TAB 30'S,DY0791001,1/1/2022,5,30'S,115392,,156.55,ALEMBIC-ALCARE,3004
DAMOXY TAB 30'S,DY0791002,1/4/2022,20,30'S,115392,,156.55,ALEMBIC-ALCARE,3004
CLOSTOP 500MG TAB,DG0769001,1/7/2022,12,10`S,118016,,169.96,ALEMBIC-ALCARE,30049069
RICHAR CR 75 MG,BP0368032,1/7/2022,3,10'S,127006,10+1,152.3,ALEMBIC-ALCARE,30045010
RICHAR CR 75 MG,BP0368036,1/8/2022,110,10'S,127006,10+1,152.3,ALEMBIC-ALCARE,30045010
RICHAR CR 75 MG,BP0368037,1/8/2022,110,10'S,127006,10+1,152.3,ALEMBIC-ALCARE,30045010
PROTINULES BUTTER SCOTH,BO0357002,1/7/2021,59,200GM,127097,9+1,413,ALEMBIC-ALCARE,21061000
PROTINULES PL (ALEMBIC),BO0355011,1/8/2021,21,200GM,127098,5+1,413,ALEMBIC-ALCARE,21061000
ETERNEX M 500 TAB,EY0707013,1/6/2022,18,10`S,115027,,147.3,ALEMBIC-CARDIO DIABETIC,30043190
ETERNEX - T TAB,2008001143,1/8/2022,15,10'S,115363,,169.6,ALEMBIC-CARDIO DIABETIC,30043190
TACKEL 90 MG TAB,DT1912055C,1/11/2022,26,14`S,117142,,336,ALEMBIC-CARDIO DIABETIC,30049099
TELLZY H 80MG TAB 15'S,2008000943,1/5/2022,12,15'S,118015,,361.45,ALEMBIC-CARDIO DIABETIC,30049099
ATECARD 25 MG,2008000513,1/3/2023,8,14'S,118017,,39.95,ALEMBIC-CARDIO DIABETIC,30049079
ATECARD 25 MG,2008001065,1/7/2023,30,14'S,118017,,39.95,ALEMBIC-CARDIO DIABETIC,30049079
ATECARD 50 MG,2008000514,1/3/2023,35,14'S,118018,,27.9,ALEMBIC-CARDIO DIABETIC,30049099
TELLZY AM TAB 15'S,2008001197,1/8/2022,68,15'S,118019,,226.2,ALEMBIC-CARDIO DIABETIC,30049099
GLISEN MF 1MG 15'S,2008001189,1/8/2022,66,15'S,118020,,138.35,ALEMBIC-CARDIO DIABETIC,30049099
GLISEN MF 1MG 15'S,2008001190,1/8/2022,20,15'S,118020,,138.35,ALEMBIC-CARDIO DIABETIC,30049099
GLISEN MF 2MG 15'S TAB,2008001134,1/8/2022,11,15'S,118021,,194.9,ALEMBIC-CARDIO DIABETIC,30049099
GLISEN MF 2MG 15'S TAB,2008001368,1/9/2022,20,15'S,118021,,194.9,ALEMBIC-CARDIO DIABETIC,30049099
ATECARD D 15'S TAB,2008000778,1/4/2023,11,15'S,118022,,71.5,ALEMBIC-CARDIO DIABETIC,30049079
ATECARD AM TAB 15'S,2008000512,1/3/2022,7,15'S,118023,,102.2,ALEMBIC-CARDIO DIABETIC,30049079
TELLZY AH TAB 15'S,2008001237,1/8/2022,39,15'S,118026,,258,ALEMBIC-CARDIO DIABETIC,30049099
TELLZY 40 TAB (15S),2008001188,1/8/2022,137,15'S,118065,,110.37,ALEMBIC-CARDIO DIABETIC,30049099
TELLZY 20(15'S) TAB,2008001186,1/8/2022,57,15'S,118066,,60.97,ALEMBIC-CARDIO DIABETIC,30049099
TELLZY 80 MG,2008001225,1/8/2022,8,15'S,118067,,168.25,ALEMBIC-CARDIO DIABETIC,30049099
TELLZY H 15'S TAB,2008001151,1/8/2022,35,15'S,118069,,224.9,ALEMBIC-CARDIO DIABETIC,30049099
TELLZY H 15'S TAB,2008001271,1/9/2022,30,15'S,118069,,224.9,ALEMBIC-CARDIO DIABETIC,30049099
GLISEN PM 2 15'S,2008000906,1/5/2022,6,15'S,118135,,223.2,ALEMBIC-CARDIO DIABETIC,30049099
GLISEN PM 2 15'S,2008001074,1/7/2022,20,15'S,118135,,223.2,ALEMBIC-CARDIO DIABETIC,30049099
GLISEN 1 MG TAB,2008000865,1/5/2022,39,10'S,118137,,40.05,ALEMBIC-CARDIO DIABETIC,30049099
GLISEN 2 MG TAB,1908001483,1/10/2021,3,10'S,118138,,62.43,ALEMBIC-CARDIO DIABETIC,30049099
GLISEN 2 MG TAB,2008001003,1/6/2022,25,10'S,118138,,63.6,ALEMBIC-CARDIO DIABETIC,30049099
TELLZY MT 50 TAB 15'S,FD0813001,1/7/2022,20,15'S,118303,,309.65,ALEMBIC-CARDIO DIABETIC,30049099
TELLZY MT 50 TAB 15'S,2008001104,1/8/2022,4,15'S,118303,,309.65,ALEMBIC-CARDIO DIABETIC,30049099
TELLZY MT 25 MG 15'S,FD0814001,1/7/2022,20,15'S,118304,,242.55,ALEMBIC-CARDIO DIABETIC,30049099
TELLZY MT 25 MG 15'S,2008001103,1/8/2022,6,15'S,118304,,242.55,ALEMBIC-CARDIO DIABETIC,30049099
METOFIX XL 500 MG TAB,2008000922,1/5/2022,29,10'S,118373,,17.09,ALEMBIC-CARDIO DIABETIC,30049099
GLISEN VM-1 TAB,DG0531003,1/4/2022,42,10`S,129012,,125.2,ALEMBIC-CARDIO DIABETIC,30043919
GLISEN VM-2 TAB,DG0536005,1/7/2022,25,10`S,129013,,174.5,ALEMBIC-CARDIO DIABETIC,30043919
GLISEN MF FORTE 2 15'S TAB,2008000992,1/6/2022,9,15'S,129014,,180.55,ALEMBIC-CARDIO DIABETIC,30049099
GLISEN MF FORTE 1 15'S TAB,2008000861,1/5/2022,21,15'S,129015,,141,ALEMBIC-CARDIO DIABETIC,30049099
TELLZY CH 40 MG 15'S,2008001206,1/8/2022,9,15'S,129016,,230.5,ALEMBIC-CARDIO DIABETIC,30049099
TELLZY CH 40 MG 15'S,2008001252,1/8/2022,75,15'S,129016,,230.5,ALEMBIC-CARDIO DIABETIC,30049099
TELLZY CH 80 MG 15'S,2008000757,1/4/2022,13,15'S,129017,,372,ALEMBIC-CARDIO DIABETIC,30049099
TELLZY RS-10 TAB 15'S,2008001049,1/1/2022,17,15'S,129025,,339.55,ALEMBIC-CARDIO DIABETIC,30049079
NEW TRAVISIGHT EYE DROPS 3ML,DZ0737006,1/4/2022,11,3ML,127013,,175,ALEMBIC-EYE CARE,3004
NEW TRAVISIGHT-T EYE DROPS,DZ0762001,1/12/2021,19,3ML,127014,,317.4,ALEMBIC-EYE CARE,3004
BIFLACE E/DROPS,AZ0538004,1/4/2022,10,5ML,128003,,126,ALEMBIC-EYE CARE,30043200
MOXOFT EYE DROPS,AZ0683003,1/8/2022,6,5ML,128051,,136.1,ALEMBIC-EYE CARE,30042039
VELDROP EYE DROPS,AZ0681009,1/7/2022,8,10ML,128070,,140.11,ALEMBIC-EYE CARE,30049099
VELDROP EYE DROPS,AZ0681010,1/8/2022,60,10ML,128070,,140.11,ALEMBIC-EYE CARE,30049099
VELDROP GEL EYE DROPS,AZ0682006,1/7/2022,25,10ML,128071,,165.15,ALEMBIC-EYE CARE,30049099
OMEGARED CAP,AJ0222002,1/12/2021,13,10'S,128073,,270,ALEMBIC-EYE CARE,21069099
AZITHRAL EYE DROPS,AZ0685001,1/7/2021,17,3ML,128074,,127.35,ALEMBIC-EYE CARE,30042064
PEG TEARS EYE DROPS,AZ0409001,1/1/2022,3,10ML,128077,,363.8,ALEMBIC-EYE CARE,30049099
PEG TEARS EYE DROPS,AZ0409004,1/6/2022,10,10ML,128077,,363.8,ALEMBIC-EYE CARE,30049099
AL5ZYME CAPS,EE0249008,1/10/2021,4,10'S,112001,,100.85,ALEMBIC-MAXIS,30049079
ALTHROCIN 125 MG KID,1908001421,1/10/2021,5,10'S,112009,,33.45,ALEMBIC-MAXIS,30042061
ALTHROCIN 125 MG KID,2008000140,1/12/2021,60,10'S,112009,,33.45,ALEMBIC-MAXIS,30042061
ALTHROCIN 250 MG,2008001167,1/8/2022,108,10'S,112010,,47.2,ALEMBIC-MAXIS,30042061
ALTHROCIN 250 MG,2008001239,1/8/2022,100,10'S,112010,,47.2,ALEMBIC-MAXIS,30042061
ALTHROCIN 500 MG TAB,2008001180,1/8/2022,135,10'S,112011,,92,ALEMBIC-MAXIS,30042061
ALTHROCIN 500 MG TAB,2008001202,1/8/2022,60,10'S,112011,,92,ALEMBIC-MAXIS,30042061
ALTHROCIN DROPS,2008001417,1/10/2022,17,10ML,112013,,38.85,ALEMBIC-MAXIS,30042061
LORMEG TAB,2008000528,1/3/2022,13,10'S,113061,,54.9,ALEMBIC-MAXIS,30049099
AL5ZYME LIQUID,CA0361008,1/1/2022,37,100ML,115024,,161,ALEMBIC-MAXIS,21069099
ZEET DX  SYRUP,2008001110,1/8/2023,57,100ML,115029,10+1,106.7,ALEMBIC-MAXIS,30049099
BRO ZEET SYP,AN0792003,1/7/2022,36,100ML,115035,9+1,101.7,ALEMBIC-MAXIS,30049099
BRO ZEET SYP,2008001336,1/9/2022,240,100ML,115035,9+1,101.7,ALEMBIC-MAXIS,30049099
BRO ZEET SF SYRUP,2008000668,1/3/2022,45,100ML,115096,,108.55,ALEMBIC-MAXIS,30049099
NIMEGESIC IR TAB,AB0003003,1/5/2023,17,10'S,115269,,76.3,ALEMBIC-MAXIS,30049079
NIMEGESIC P TAB,AB0004002,1/3/2023,63,10'S,115272,10+1,67.7,ALEMBIC-MAXIS,30049079
NIMEGESIC TAB,AB0002001,1/3/2023,18,10'S,115277,,60.2,ALEMBIC-MAXIS,30049079
WIKORYL SYP,1808001118,1/7/2021,1,60ML,115451,9+1,58.15,ALEMBIC-MAXIS,30049099
WIKORYL SYP,2008001194,1/8/2023,122,60ML,115451,9+1,69.7,ALEMBIC-MAXIS,30049099
WIKORYL TAB,2008001157,1/8/2023,1127,10'S,115452,9+1,48,ALEMBIC-MAXIS,30049099
WIKORYL AF SYP,2008001222,1/8/2022,119,60ML,115454,10+1,65.8,ALEMBIC-MAXIS,30049099
WIKORYL  DS SYRUP 60ML,2008000670,1/3/2022,44,60ML,115455,10+1,69.7,ALEMBIC-MAXIS,30049099
WIKORYL  DS SYRUP 60ML,AN0794001,1/7/2022,84,60ML,115455,10+1,69.7,ALEMBIC-MAXIS,30049099
WIKORYL AF DROPS 15ML,2008001105,1/8/2022,31,15ML,115458,9+1,79.8,ALEMBIC-MAXIS,30049099
WIKORYL AF DROPS 15ML,2008001358,1/9/2022,120,15ML,115458,9+1,79.8,ALEMBIC-MAXIS,30049099
WIKORYL DROPS 15ML,2008001035,1/6/2022,50,15ML,115459,10+1,83.8,ALEMBIC-MAXIS,30049099
WIKORYL DROPS 15ML,2008001405,1/10/2022,150,15ML,115459,10+1,83.8,ALEMBIC-MAXIS,30049099
WIKORYL 325 DT TAB,2008000351,1/2/2022,113,10'S,115460,,44,ALEMBIC-MAXIS,30049099
ZEET EXPECTORANT,AN0831004,1/8/2022,42,100ML,115505,9+1,101.7,ALEMBIC-MAXIS,30049099
ZEET EXPECTORANT,2008001272,1/9/2022,120,100ML,115505,9+1,101.7,ALEMBIC-MAXIS,30049099
BRO ZEET LS SYP,EH0269031,1/3/2022,23,100ML,115542,9+1,95.5,ALEMBIC-MAXIS,30044090
BRO ZEET LS SYP,EH0269038,1/6/2022,60,100ML,115542,9+1,95.5,ALEMBIC-MAXIS,30044090
BILAMBIC - M TAB,EY0869005,1/9/2022,26,10'S,115579,10+1,90,ALEMBIC-MAXIS,30049039
BRO ZEET LS PLUS SYRUP,BP0548003,1/3/2022,17,100ML,895024,10+1,108.55,ALEMBIC-MAXIS,30049099
AZITHRAL 500 MG TAB,FA0799027,1/8/2022,133,5'S,113005,,118.88,ALEMBIC-MEGACARE,30042064
AZITHRAL 500 MG TAB,FA0799028,1/8/2022,360,5'S,113005,,118.88,ALEMBIC-MEGACARE,30042064
AZITHRAL 500 MG TAB,FA0799029,1/8/2022,360,5'S,113005,,118.88,ALEMBIC-MEGACARE,30042064
AZITHRAL 500 MG TAB,2008001226,1/8/2022,360,5'S,113005,,118.88,ALEMBIC-MEGACARE,30042064
AZITHRAL JR 7.5ML LIQUID,2008001219,1/8/2022,10,7.5ML,113008,,25.7,ALEMBIC-MEGACARE,30049099
AZITHRAL LIQUID 100,2008000855,1/5/2022,11,15ML,113010,,38.6,ALEMBIC-MEGACARE,30042064